--
-- PostgreSQL database dump
--

\restrict NfhTcam6Eb89yMfcoZWOPGS4q6Gq5se6DgsTGUzYSPOaKxCrbZq6mheI4CvU9ns

-- Dumped from database version 18.1
-- Dumped by pg_dump version 18.1

SET statement_timeout = 0;
SET lock_timeout = 0;
SET idle_in_transaction_session_timeout = 0;
SET transaction_timeout = 0;
SET client_encoding = 'UTF8';
SET standard_conforming_strings = on;
SELECT pg_catalog.set_config('search_path', '', false);
SET check_function_bodies = false;
SET xmloption = content;
SET client_min_messages = warning;
SET row_security = off;

--
-- Data for Name: categorias; Type: TABLE DATA; Schema: public; Owner: -
--

INSERT INTO public.categorias (id, nome) VALUES (1, 'Consumíveis');


--
-- Data for Name: modelos_procedimento; Type: TABLE DATA; Schema: public; Owner: -
--

INSERT INTO public.modelos_procedimento (id, nome, custo_total_estimado, preco_servico) VALUES (1, 'Consulta Avaliação', 0.58, 30.00);
INSERT INTO public.modelos_procedimento (id, nome, custo_total_estimado, preco_servico) VALUES (2, 'Exodontia', 5.45, 60.00);
INSERT INTO public.modelos_procedimento (id, nome, custo_total_estimado, preco_servico) VALUES (4, 'Endo Sessão 1', 5.72, 120.00);
INSERT INTO public.modelos_procedimento (id, nome, custo_total_estimado, preco_servico) VALUES (3, 'Restauração', 4.33, 70.00);
INSERT INTO public.modelos_procedimento (id, nome, custo_total_estimado, preco_servico) VALUES (5, 'Endo Sessão 2', 4.52, 120.00);
INSERT INTO public.modelos_procedimento (id, nome, custo_total_estimado, preco_servico) VALUES (7, 'Cirurgia Implante', 246.29, 900.00);
INSERT INTO public.modelos_procedimento (id, nome, custo_total_estimado, preco_servico) VALUES (6, 'Ortodontia Tradicional TP', 170.64, 800.00);


--
-- Data for Name: pacientes; Type: TABLE DATA; Schema: public; Owner: -
--

INSERT INTO public.pacientes (id, nome, nif, sns_numero, data_nascimento, telefone, email, created_at, notas_clinicas, odontograma_dados) VALUES (1, 'Rúben Martins', NULL, NULL, NULL, '+351 925474521', 'rubendavidsilvamartins@gmail.com', '2026-02-24 21:25:30.984191', '', '{"21":{"EXTRACTED":false,"R":"CARIE"},"24":{"EXTRACTED":false,"C":"CARIE"},"33":{"EXTRACTED":false,"C":"IMPLANTE"}}');
INSERT INTO public.pacientes (id, nome, nif, sns_numero, data_nascimento, telefone, email, created_at, notas_clinicas, odontograma_dados) VALUES (3, 'Rita Guedes', NULL, NULL, NULL, '+351 929 371 045', NULL, '2026-02-24 21:40:39.626826', '', '{}');


--
-- Data for Name: consultas; Type: TABLE DATA; Schema: public; Owner: -
--

INSERT INTO public.consultas (id, paciente_id, data_consulta, hora_consulta, motivo, created_at, procedimento_id, status, diagnostico, tratamento, updated_at) VALUES (35, 1, '2026-04-05', '17:00:00', NULL, '2026-04-05 16:42:44.141098', 1, 'realizada', NULL, NULL, NULL);
INSERT INTO public.consultas (id, paciente_id, data_consulta, hora_consulta, motivo, created_at, procedimento_id, status, diagnostico, tratamento, updated_at) VALUES (37, 1, '2026-04-05', '18:15:00', NULL, '2026-04-05 18:21:48.020677', 4, 'realizada', NULL, NULL, NULL);
INSERT INTO public.consultas (id, paciente_id, data_consulta, hora_consulta, motivo, created_at, procedimento_id, status, diagnostico, tratamento, updated_at) VALUES (33, 1, '2026-04-05', '16:30:00', NULL, '2026-04-05 11:30:24.648961', 5, 'realizada', NULL, NULL, '2026-04-05 15:52:00.047342');
INSERT INTO public.consultas (id, paciente_id, data_consulta, hora_consulta, motivo, created_at, procedimento_id, status, diagnostico, tratamento, updated_at) VALUES (36, 1, '2026-04-05', '17:30:00', NULL, '2026-04-05 17:06:41.913709', 4, 'realizada', NULL, NULL, NULL);
INSERT INTO public.consultas (id, paciente_id, data_consulta, hora_consulta, motivo, created_at, procedimento_id, status, diagnostico, tratamento, updated_at) VALUES (41, 1, '2026-04-06', '12:30:00', NULL, '2026-04-06 16:40:16.160081', 1, 'realizada', NULL, NULL, NULL);
INSERT INTO public.consultas (id, paciente_id, data_consulta, hora_consulta, motivo, created_at, procedimento_id, status, diagnostico, tratamento, updated_at) VALUES (42, 1, '2026-04-06', '17:30:00', NULL, '2026-04-06 17:03:17.635273', 4, 'realizada', NULL, NULL, '2026-04-06 17:03:21.887415');
INSERT INTO public.consultas (id, paciente_id, data_consulta, hora_consulta, motivo, created_at, procedimento_id, status, diagnostico, tratamento, updated_at) VALUES (43, 1, '2026-04-06', '17:45:00', NULL, '2026-04-06 17:19:08.260769', 5, 'realizada', NULL, NULL, NULL);
INSERT INTO public.consultas (id, paciente_id, data_consulta, hora_consulta, motivo, created_at, procedimento_id, status, diagnostico, tratamento, updated_at) VALUES (16, 1, '2026-03-10', '14:30:00', '', '2026-03-09 15:16:41.958852', 5, 'FINALIZADA', NULL, NULL, NULL);
INSERT INTO public.consultas (id, paciente_id, data_consulta, hora_consulta, motivo, created_at, procedimento_id, status, diagnostico, tratamento, updated_at) VALUES (22, 1, '2026-03-10', '20:00:00', '', '2026-03-10 19:49:42.548182', 7, 'FINALIZADA', NULL, NULL, NULL);
INSERT INTO public.consultas (id, paciente_id, data_consulta, hora_consulta, motivo, created_at, procedimento_id, status, diagnostico, tratamento, updated_at) VALUES (23, 1, '2026-03-10', '20:00:00', '', '2026-03-10 19:56:23.394458', 1, 'FINALIZADA', NULL, NULL, NULL);
INSERT INTO public.consultas (id, paciente_id, data_consulta, hora_consulta, motivo, created_at, procedimento_id, status, diagnostico, tratamento, updated_at) VALUES (44, 1, '2026-04-06', '18:15:00', NULL, '2026-04-06 17:48:13.002838', 2, 'realizada', NULL, NULL, NULL);
INSERT INTO public.consultas (id, paciente_id, data_consulta, hora_consulta, motivo, created_at, procedimento_id, status, diagnostico, tratamento, updated_at) VALUES (24, 1, '2026-03-12', '14:50:00', '', '2026-03-12 00:48:49.420602', 4, 'FINALIZADA', NULL, NULL, NULL);
INSERT INTO public.consultas (id, paciente_id, data_consulta, hora_consulta, motivo, created_at, procedimento_id, status, diagnostico, tratamento, updated_at) VALUES (25, 1, '2026-03-12', '14:50:00', '', '2026-03-12 12:29:05.65159', 6, 'FINALIZADA', NULL, NULL, NULL);
INSERT INTO public.consultas (id, paciente_id, data_consulta, hora_consulta, motivo, created_at, procedimento_id, status, diagnostico, tratamento, updated_at) VALUES (26, 1, '2026-03-13', '15:40:00', '', '2026-03-12 13:43:58.139291', 4, 'FINALIZADA', NULL, NULL, NULL);
INSERT INTO public.consultas (id, paciente_id, data_consulta, hora_consulta, motivo, created_at, procedimento_id, status, diagnostico, tratamento, updated_at) VALUES (27, 1, '2026-03-12', '15:40:00', '', '2026-03-12 14:54:36.988979', 3, 'FINALIZADA', NULL, NULL, NULL);
INSERT INTO public.consultas (id, paciente_id, data_consulta, hora_consulta, motivo, created_at, procedimento_id, status, diagnostico, tratamento, updated_at) VALUES (28, 1, '2026-03-12', '18:20:00', '', '2026-03-12 15:12:19.360751', 4, 'FINALIZADA', NULL, NULL, NULL);
INSERT INTO public.consultas (id, paciente_id, data_consulta, hora_consulta, motivo, created_at, procedimento_id, status, diagnostico, tratamento, updated_at) VALUES (29, 1, '2026-03-14', '15:10:00', '', '2026-03-13 00:07:30.563375', 1, 'FINALIZADA', NULL, NULL, NULL);
INSERT INTO public.consultas (id, paciente_id, data_consulta, hora_consulta, motivo, created_at, procedimento_id, status, diagnostico, tratamento, updated_at) VALUES (30, 1, '2026-03-13', '18:10:00', '', '2026-03-13 00:11:55.690443', 4, 'FINALIZADA', NULL, NULL, NULL);
INSERT INTO public.consultas (id, paciente_id, data_consulta, hora_consulta, motivo, created_at, procedimento_id, status, diagnostico, tratamento, updated_at) VALUES (31, 1, '2026-03-15', '20:50:00', '', '2026-03-14 00:59:54.559855', 4, 'FINALIZADA', NULL, NULL, NULL);
INSERT INTO public.consultas (id, paciente_id, data_consulta, hora_consulta, motivo, created_at, procedimento_id, status, diagnostico, tratamento, updated_at) VALUES (32, 1, '2026-03-14', '16:40:00', '', '2026-03-14 13:39:58.804026', 5, 'FINALIZADA', NULL, NULL, NULL);
INSERT INTO public.consultas (id, paciente_id, data_consulta, hora_consulta, motivo, created_at, procedimento_id, status, diagnostico, tratamento, updated_at) VALUES (45, 1, '2026-04-06', '18:45:00', NULL, '2026-04-06 18:41:58.988422', 5, 'realizada', NULL, NULL, '2026-04-06 18:45:57.928586');
INSERT INTO public.consultas (id, paciente_id, data_consulta, hora_consulta, motivo, created_at, procedimento_id, status, diagnostico, tratamento, updated_at) VALUES (47, 1, '2026-04-07', '10:30:00', NULL, '2026-04-06 22:21:03.431151', 1, 'realizada', NULL, NULL, NULL);
INSERT INTO public.consultas (id, paciente_id, data_consulta, hora_consulta, motivo, created_at, procedimento_id, status, diagnostico, tratamento, updated_at) VALUES (48, 1, '2026-04-07', '15:45:00', NULL, '2026-04-06 22:49:34.019076', 1, 'realizada', NULL, NULL, NULL);
INSERT INTO public.consultas (id, paciente_id, data_consulta, hora_consulta, motivo, created_at, procedimento_id, status, diagnostico, tratamento, updated_at) VALUES (49, 1, '2026-04-07', '12:30:00', NULL, '2026-04-06 23:01:10.881991', 2, 'realizada', NULL, NULL, NULL);
INSERT INTO public.consultas (id, paciente_id, data_consulta, hora_consulta, motivo, created_at, procedimento_id, status, diagnostico, tratamento, updated_at) VALUES (50, 1, '2026-04-07', '12:45:00', NULL, '2026-04-06 23:02:03.170311', 7, 'realizada', NULL, NULL, NULL);
INSERT INTO public.consultas (id, paciente_id, data_consulta, hora_consulta, motivo, created_at, procedimento_id, status, diagnostico, tratamento, updated_at) VALUES (52, 1, '2026-04-07', '09:15:00', NULL, '2026-04-06 23:58:46.280281', 1, 'realizada', NULL, NULL, '2026-04-07 15:19:36.094726');
INSERT INTO public.consultas (id, paciente_id, data_consulta, hora_consulta, motivo, created_at, procedimento_id, status, diagnostico, tratamento, updated_at) VALUES (55, 1, '2026-04-09', '13:30:00', NULL, '2026-04-08 09:32:50.901139', 4, 'agendada', NULL, NULL, NULL);
INSERT INTO public.consultas (id, paciente_id, data_consulta, hora_consulta, motivo, created_at, procedimento_id, status, diagnostico, tratamento, updated_at) VALUES (54, 1, '2026-04-08', '12:30:00', NULL, '2026-04-08 01:33:05.850989', 5, 'realizada', NULL, NULL, '2026-04-08 09:33:39.615604');


--
-- Data for Name: faturacao; Type: TABLE DATA; Schema: public; Owner: -
--

INSERT INTO public.faturacao (id, consulta_id, paciente_nome, procedimento_nome, valor_total, metodo_pagamento, data_emissao) VALUES (25, 16, 'Rúben Martins', 'Endo Sessão 2', 120.00, 'Multibanco', '2026-03-10 15:02:28.051031');
INSERT INTO public.faturacao (id, consulta_id, paciente_nome, procedimento_nome, valor_total, metodo_pagamento, data_emissao) VALUES (26, 22, 'Rúben Martins', 'Cirurgia Implante', 900.00, 'Multibanco', '2026-03-10 19:50:08.83972');
INSERT INTO public.faturacao (id, consulta_id, paciente_nome, procedimento_nome, valor_total, metodo_pagamento, data_emissao) VALUES (27, 23, 'Rúben Martins', 'Consulta Avaliação', 30.00, 'Multibanco', '2026-03-10 19:56:38.504595');
INSERT INTO public.faturacao (id, consulta_id, paciente_nome, procedimento_nome, valor_total, metodo_pagamento, data_emissao) VALUES (29, 24, 'Rúben Martins', 'Endo Sessão 1', 120.00, 'Multibanco', '2026-03-12 00:49:30.343643');
INSERT INTO public.faturacao (id, consulta_id, paciente_nome, procedimento_nome, valor_total, metodo_pagamento, data_emissao) VALUES (30, 25, 'Rúben Martins', 'Ortodontia Tradicional TP', 800.00, 'Numerário', '2026-03-12 12:29:45.68548');
INSERT INTO public.faturacao (id, consulta_id, paciente_nome, procedimento_nome, valor_total, metodo_pagamento, data_emissao) VALUES (31, 26, 'Rúben Martins', 'Endo Sessão 1', 120.00, 'Multibanco', '2026-03-12 14:46:40.477573');
INSERT INTO public.faturacao (id, consulta_id, paciente_nome, procedimento_nome, valor_total, metodo_pagamento, data_emissao) VALUES (32, 27, 'Rúben Martins', 'Restauração', 70.00, 'Multibanco', '2026-03-12 14:55:31.381299');
INSERT INTO public.faturacao (id, consulta_id, paciente_nome, procedimento_nome, valor_total, metodo_pagamento, data_emissao) VALUES (33, 28, 'Rúben Martins', 'Endo Sessão 1', 120.00, 'Multibanco', '2026-03-12 22:54:51.34981');
INSERT INTO public.faturacao (id, consulta_id, paciente_nome, procedimento_nome, valor_total, metodo_pagamento, data_emissao) VALUES (34, 29, 'Rúben Martins', 'Consulta Avaliação', 230.00, 'Orçamento a Aprovar', '2026-03-13 00:23:41.924553');
INSERT INTO public.faturacao (id, consulta_id, paciente_nome, procedimento_nome, valor_total, metodo_pagamento, data_emissao) VALUES (35, 30, 'Rúben Martins', 'Endo Sessão 1', 120.00, 'Multibanco', '2026-03-13 00:35:23.439174');
INSERT INTO public.faturacao (id, consulta_id, paciente_nome, procedimento_nome, valor_total, metodo_pagamento, data_emissao) VALUES (36, 31, 'Rúben Martins', 'Endo Sessão 1', 120.00, 'Multibanco', '2026-03-14 01:00:16.728073');
INSERT INTO public.faturacao (id, consulta_id, paciente_nome, procedimento_nome, valor_total, metodo_pagamento, data_emissao) VALUES (37, 32, 'Rúben Martins', 'Endo Sessão 2', 120.00, 'Multibanco', '2026-03-14 13:40:23.729524');
INSERT INTO public.faturacao (id, consulta_id, paciente_nome, procedimento_nome, valor_total, metodo_pagamento, data_emissao) VALUES (49, 33, 'Rúben Martins', 'Endo Sessão 2', 120.00, 'Multibanco', '2026-04-05 22:54:18.451257');
INSERT INTO public.faturacao (id, consulta_id, paciente_nome, procedimento_nome, valor_total, metodo_pagamento, data_emissao) VALUES (52, 33, 'Rúben Martins', 'Endo Sessão 2', 120.00, 'Multibanco', '2026-04-06 00:11:37.664572');
INSERT INTO public.faturacao (id, consulta_id, paciente_nome, procedimento_nome, valor_total, metodo_pagamento, data_emissao) VALUES (53, 33, 'Rúben Martins', 'Endo Sessão 2', 120.00, 'Multibanco', '2026-04-06 00:11:41.515817');
INSERT INTO public.faturacao (id, consulta_id, paciente_nome, procedimento_nome, valor_total, metodo_pagamento, data_emissao) VALUES (55, 33, 'Rúben Martins', 'Endo Sessão 2', 120.00, 'Multibanco', '2026-04-06 00:27:30.925683');
INSERT INTO public.faturacao (id, consulta_id, paciente_nome, procedimento_nome, valor_total, metodo_pagamento, data_emissao) VALUES (57, 35, 'Rúben Martins', 'Consulta Avaliação', 0.00, 'Orçamento a Aprovar', '2026-04-06 00:27:42.095405');
INSERT INTO public.faturacao (id, consulta_id, paciente_nome, procedimento_nome, valor_total, metodo_pagamento, data_emissao) VALUES (59, 37, 'Rúben Martins', 'Endo Sessão 1', 120.00, 'Multibanco', '2026-04-06 00:33:12.265377');
INSERT INTO public.faturacao (id, consulta_id, paciente_nome, procedimento_nome, valor_total, metodo_pagamento, data_emissao) VALUES (60, 33, 'Rúben Martins', 'Endo Sessão 2', 120.00, 'Multibanco', '2026-04-06 00:46:55.287224');
INSERT INTO public.faturacao (id, consulta_id, paciente_nome, procedimento_nome, valor_total, metodo_pagamento, data_emissao) VALUES (61, 36, 'Rúben Martins', 'Endo Sessão 1', 120.00, 'Multibanco', '2026-04-06 00:52:45.702654');
INSERT INTO public.faturacao (id, consulta_id, paciente_nome, procedimento_nome, valor_total, metodo_pagamento, data_emissao) VALUES (62, 41, 'Rúben Martins', 'Consulta Avaliação', 0.00, 'Orçamento a Aprovar', '2026-04-06 16:40:24.273982');
INSERT INTO public.faturacao (id, consulta_id, paciente_nome, procedimento_nome, valor_total, metodo_pagamento, data_emissao) VALUES (63, 42, 'Rúben Martins', 'Endo Sessão 1', 120.00, 'Multibanco', '2026-04-06 17:18:57.17875');
INSERT INTO public.faturacao (id, consulta_id, paciente_nome, procedimento_nome, valor_total, metodo_pagamento, data_emissao) VALUES (64, 43, 'Rúben Martins', 'Endo Sessão 2', 120.00, 'Multibanco', '2026-04-06 17:48:20.717237');
INSERT INTO public.faturacao (id, consulta_id, paciente_nome, procedimento_nome, valor_total, metodo_pagamento, data_emissao) VALUES (65, 44, 'Rúben Martins', 'Exodontia', 60.00, 'Multibanco', '2026-04-06 18:41:43.682427');
INSERT INTO public.faturacao (id, consulta_id, paciente_nome, procedimento_nome, valor_total, metodo_pagamento, data_emissao) VALUES (66, 45, 'Rúben Martins', 'Endo Sessão 2', 120.00, 'Multibanco', '2026-04-06 18:57:50.517819');
INSERT INTO public.faturacao (id, consulta_id, paciente_nome, procedimento_nome, valor_total, metodo_pagamento, data_emissao) VALUES (68, 47, 'Rúben Martins', 'Consulta Avaliação', 300.00, 'Orçamento a Aprovar', '2026-04-06 22:21:19.772709');
INSERT INTO public.faturacao (id, consulta_id, paciente_nome, procedimento_nome, valor_total, metodo_pagamento, data_emissao) VALUES (69, 48, 'Rúben Martins', 'Consulta Avaliação', 0.00, 'Orçamento a Aprovar', '2026-04-06 22:49:45.10516');
INSERT INTO public.faturacao (id, consulta_id, paciente_nome, procedimento_nome, valor_total, metodo_pagamento, data_emissao) VALUES (70, 49, 'Rúben Martins', 'Exodontia', 60.00, 'Multibanco', '2026-04-06 23:01:18.247258');
INSERT INTO public.faturacao (id, consulta_id, paciente_nome, procedimento_nome, valor_total, metodo_pagamento, data_emissao) VALUES (71, 50, 'Rúben Martins', 'Cirurgia Implante', 900.00, 'Multibanco', '2026-04-06 23:08:10.52473');
INSERT INTO public.faturacao (id, consulta_id, paciente_nome, procedimento_nome, valor_total, metodo_pagamento, data_emissao) VALUES (73, 52, 'Rúben Martins', 'Consulta Avaliação', 700.00, 'Orçamento a Aprovar', '2026-04-07 22:30:31.224658');
INSERT INTO public.faturacao (id, consulta_id, paciente_nome, procedimento_nome, valor_total, metodo_pagamento, data_emissao) VALUES (74, 54, 'Rúben Martins', 'Endo Sessão 2', 120.00, 'Multibanco', '2026-04-08 09:34:36.429294');


--
-- Data for Name: fornecedores; Type: TABLE DATA; Schema: public; Owner: -
--



--
-- Data for Name: produtos; Type: TABLE DATA; Schema: public; Owner: -
--

INSERT INTO public.produtos (id, categoria_id, nome, codigo_barras, stock_atual, stock_minimo, unidade_medida, descricao, imagem_url, categoria, data_validade) VALUES (29, NULL, 'Porta Matriz', NULL, 2.000, 1.000, 'un', NULL, 'https://dentalecia.vteximg.com.br/arquivos/ids/180322-1000-1000/1000057637-1-Porta-Matriz-Tofflemire-Adulto-Fava.jpg?v=638847465399870000', 'Descartáveis', NULL);
INSERT INTO public.produtos (id, categoria_id, nome, codigo_barras, stock_atual, stock_minimo, unidade_medida, descricao, imagem_url, categoria, data_validade) VALUES (8, NULL, 'Caixa Spongostan (24 un)', NULL, 5.000, 2.000, 'cx', NULL, 'data:image/jpeg;base64,/9j/4AAQSkZJRgABAQAAAQABAAD/2wCEAAkGBxAQEhATEhAVFREVFRIVFRUQFRAWFhAVFRIWFxUVFRUYHSggGBolGxUTITEhJSorLy4uFx8zODUsNyguLisBCgoKDg0OGhAQGi0dHR0rKy0rLS81LS0tLS0tLy0tLS0tLS0vKy0rLS0tLTEtLS0tLy0tLS0tLi0rKy0rLTItLf/AABEIAOEA4QMBIgACEQEDEQH/xAAcAAEAAQUBAQAAAAAAAAAAAAAABAIDBQYHAQj/xABIEAABAwIDAwgFCQUFCQAAAAABAAIDBBESITEFQVEGBxMiMnGBkSNhobHBFCQzQmJyssLRUnOi0vAWQ4KS4RUlRFRjZHSTo//EABgBAQEBAQEAAAAAAAAAAAAAAAABAgME/8QAJhEBAAIBAwMEAgMAAAAAAAAAAAERAgMSMRMhQTJRYaFS8CJisf/aAAwDAQACEQMRAD8A7iiIgIiICIiAiIgIiICIiAiIgIiICIiAiIgIiICIiAiIgIiICIiAiIgIiICIiAiIgIiICIiAiIgIiICIiAiIgIiICIiAiIgIiICIiAiIgIiICIiAiIgIiICIiAiIgIiICIiAiIgIiICIiAiIgIiICIiAiIgIiICIiAiIgIiofK1urgO8gIK0UKXa1M3tVEQ+9JGPeVHk5S0TdaqP/C4O9yDKosBJyyoB/f37mSn8qjScvKEaGR3cz9SFakbQi02TnEpRpFKfCMfmUaTnJj+rTOPe8D3Aptkb2i51Jzkv3U7R3vcfgFFk5x6ndHEPB5/MrtkdPRcml5waw6OY3uYPjdRJeXNcf7/ybGPc1XZI7Ii4qzlpXN0qXeIYfeFLh5xq5upjf99n8hCbJS3X0XMqbnSePpKVp9cby32EH3rK0vOdRO7bJWf4WuH8Jv7FNsrbeEWApOWmzZNKuNv70mP8YCzUFTHILse1w4scHDzCzQuoiICIiAiIg1flvyvGzOgJh6QSF4viIw4Q3dhN+16tFrcPOzDIbNDGO/ZlLgfbZec+LfQ0Z4SSDzYP0XHJYmuFiAR611wwiYtJl2uXl3UbhGO5rviVBl5bVZ0kA7mM+IXH4HSw/RSED9l3WafPRZKn5QbpW4DxHYPju8VrbEcwluhS8rqw/wDEO8MI9wUKblDVO1qJf/Y/9Vqcu12N1O6+RaR53soz+UEQ3+1v6rrGjM94hndDaZdpyO7Ujz3ucfioxnWDZXzP+jppX/cZK6/+VpUqGi2pJ2Nm1H+KKVv4gFenRuTzOvDUFUxcltuP0oS0cXugb733U2Pm824/XoGfflH5GuU24x5hbn2QTOU6UlZqHmp2m76SugZ9wTP/ACtUuHmclJ9JtQkcGQke0yn3KTOH5f6d/ZrDpCNSrTpxx9q3yHmipAbvq6p3c6NoP8JPtWQi5rdlA3dFI8/bml+BCx1MI8rWTljtoxj+8b5hWX7WiH1/K668/mu2Pkfkru4TVAHj117VcgtltY5kVFF0rmlrC/G/CSLYyHOOTdfC2pWurp/JtycYft+AfXVUO1TJ9FDLJ+7Y534br6OptnQRACOGNoFgMLGDTTQKUXHis9bH8fs2z7vnKGn2hJ2Nm1R9ZhmA8y2ymRcmttv7OzXAfbfE38Twu/op1v6wuz5cNj5AbcfrHTs+/KPy4lLi5rtqu7dVTM+70r/yBdnWgf2qqZHkCRsYu8YGQl8kRAOFr7k3dfDfqjerGpllxELGnbBR80NQe3tQD7lOT75Ap1LzQxMIcdoVWLjD0cR8DZxCy/yureTaSrI3YYcP8QjA9Yz4A71muTcNSOkMxdhOHCJC4uBxPxHMkgWMYt9k5KTqZ1ys6cQ2hosAF6iLggiIgIiIOcc97fmtMeE/vif+i4wV27nrZehjPCoZ7Y5AuIL0afpZleoYBI9rSbA3z9YBIUnaewpobm2Jmpc3MAesLHArJ0u3ZWtLHddhaQL6tuCMj46Lc34WK8upc1Wx6ObZ8Er6OndLinbjdDE55DJntHWcCdAFvEbIGOIa2NrwLkMawOAtlcAX3HyWo8zZ/wB2sH7M1QPN+L8y29tE0SulBOJwa09mxDb23XHaO9ebOZ3S1jVd3g2nFZh6QWe5zGk3Ac5ocXAE5ZBrvIqz/tmExiQOJYYWzg4T1o3WwmxzBNxkbKQyhjGCzew5725k4XPxYiM9+N/mqoaSNga1sbQ1rBG0ADJg0YPs+pY7t3h8oldtURZFhxYJJLEtFxGWgtaRe7ziFm+0L0bQeZej6F4FwBIbFn0WMh1s2kEgZ5G+RvkpzI2gWAAA0AAACqRN2NcCIirK2vF6iwqsIAvVHmrYWEh0rGkWuHPaCMXZuCd+dltF8ooc21IWStiLndISBZscrmtLuyJHtaWxk3Fg4i91XFtGFzI3iVuGUNMZcQ3pMQBbhDrG5BGWqUWkIoTtsUwc9vyiPExr3OAc0loYQH3t+zcXGouOKhx7eDnSlsUr2MEXVEb45A5/SFwcybBhGFsZF7XxZXuFaktmF5dYeLbwldhghc+5DWueRHG8mJstwbF2EMc25wnNwGt7StizPkixPuHGSoyJBLQKiQNbcZGzQB4JRacjNR3j3ovYxmO9RU1ERGRERAREQaPzxMvs5x/ZlhPtLfiuEFfQXOnAZNnStFrmSnAJ0GKoY2581wetonwuwvG4EEZtcDo5p3hd9PhmUMheKshU2XVHauZd3zB44VMvtZGfit9XO+ZJ96OoHCpd7YYlVy/2bVyVTJDSy1dC2Cxipqo074Zcbi6YtBBkOENAHq8/PON5zDXhvs1Qxnbe1v33Nb71E2xtulo2CSpnZEw5NLz2za/VAzdlwXKHugrK2J8WzXVzH7Lg6KOokjDo7TvZjlkkOuRBcLnO4UrY8LNjVVINqOuxtC2KnncHvhhl6Vz5Y25GzrEAOto229Xplt/quWWz44Yag1TDBLIImSMu5oeQTZ5HYsAScVrJtXlZTU0lQyUub0FOype+zS0sfIY2NbncvLgABbeM1zp+xPlb+mZSP+QVW16Z7YjG4XhbTSsmqHMAuxj3G9zbcpJ5AV5fXQGXFEKaBlHPJYgiGq6aKKUDO4zYTbQA+pXZj7ly3Ck5VVAbNLVbOkpaVkL5myvlhe5wYL4HRNza8jO2ax39qdpxfJaippadtDUSRR4I3SmpphOQInyEnA7M5gC4uFEdyOqdoVRqK2mhprwTQymCZ00lSZIRE1wuMMbWgXAzzOd9Vk6HknWvNKytrmTU9K5j42RQmN074xaJ07i43w64RqbX0U/jB3Yfk5yhqq2d0E+0DS1MjZgKM0gY+Atd1TFO/KUhrSTfXPLJY75fNT0ddUTbQqZJnVNRs6EPc3o2gzNZ07Y2Mv0rWNkdlwIAzW8bO5J9HPDPNW1FUYOk6BtQYrRGQYXOJY0F7sNxc6XOXCbScmqWJzHtYcTJqioaXPecMtQCJHWvY5OIFxlfJJyxKlzF0z6+joKRtRI2eDaXQsnka9slmwTS0s7mOs4Xbg1z6pW0c3dTLU1O1X1MIZUB1HFK0gWEkUDmuc37Lu0PU4LcjsunMpmMEZmJaTIWNL7saWsOK17hrnAHcHHipQAzy119amWdxVLTWqkObUu6B9QHySxdNDJAXU0rbRskkEro+r6Ju6S12jqkmxxdJsaf5JDTtpTFhpI4zhFIwGcNwzOlcbutdrC0s1zJOhG9Is7hgJ9hPdFGxrmscyWaYGxIxunMzbgWuC7tC4vcpLsOWSQyyTR4jkWdCHsY3CG+jxO+kFjZ7ge27q2OWfVEjwNVNx2YyHYkbGRsD5AYzia9rsLh1MBGQsQW5WPqOoBE6lpmRMaxgs1t7AknUknM5nMlXI34hcKpS1pSqoe0F4qoO0EEtEREEREBERBrHOU2+zarK9uhdbjhnjPwXL4auOrxxzNayzgBE4nFiOAB195uHtJFsnN4rq/L5t9nVvqicf8ALY/BcTmpY5sMjH4XXaLgYdMIzAJs+5yOQzHeumHCSjbU2C9hcYg57B1sJsZI2Xwtc8DKziH2tuab2WEW0UW2yC4TgtkGH0jRqWAmJvVyHWc52Ma3zyuVXtzYzDG6fG0Owse8tsQ9zz1iQ3s9Y/xBdYyrlluXMefm9YP+u0+cLB+VbXt7kfQ1sglqIi6QM6PE2WZmKO5OB2BwBbcnI8Vp/Me70dcPtwnzY4fBZ7llsaqqJ4nMi6aAMt0fSMYGyY7lzg4i4LbDfp5859fNOmGMT2lmGR7OpXNeDTxPZE2FpxRtLYmm4jGfZvnZWqnlhs9mtS0/ca9/4QVq9PyJqSLGGlZmc3Oc8gEuOjW5kXAvfd5ZSPkVIW2dURsBviEEDRe+VhiOQsToFaw8z+/brswjmf37SZeXFP8AUgqJNc2RgDI2Ny5wPsUJ/LqR30dFl1c5ZWtyeLtNsOQItndTYOQtOO1NO4XJsHhjcyScmgbzxUyLkls9msDT65XSP9jnEKXpx4L04anUcuau9vm0fa/aeciN5dbO+R0Nj4ZHkjtqtqKkh7+kp+jJc7ogxrHfVDTbM+OnctljZQwWwtgj3jC2Nt8yMrDPMHyUylq45b4HXDTY5OAvwBIz03KTnjXaEnPGqiF5F6vFzcxERARFTKcndx9yIsSVQ3G44hQ5JCVi9iEmJpWQC5TlbVUyNJ2B4+9XVbpR1G/1vVxdI4Aqun18FbKu02p7lUSUREQREQEREGG5ZsvQVw/7ec+Ubj8F85wzujcHNOY4gEeIOq+lOUbMVJVjjBOPOJy+ZiuunwzLIbT2h0zBc5hzbNNyQA11zitmDdvkfGHBXyMY+MH0bwQQd13NdceLG+SslUFdohHUeY5+de3/AMc+fSj4LplVUvYQGwvfle7cIA1sMzrkuV8x7vT1w4xU58ny/wAy6XtODE9p6F7+ra7JCwDM5OzA9flZcNT1NxwpnrZwD1IowN8soOEWvmG79D3Eaqy+tcSbVUeQF2wR9IRuOE3O/irLoQzGTDTxWA60jukOrb3Fr6G3eR3k+qOJwFQcjhwUsJNiLYrm2t7+HesCoF0gGdW/ua2Jpz32A/1VM9OLhz6eNp6udRNe4AaAbC4xZN77aq86nL7eiqJNTeWQRjcMJAIv2QbWtndR5GNjJJZSx5H6RxkcDnbwA+KCp0zQQWzwNaCGgQxiRwDiTYEaDqnyJ4L1znu0+VScC0Ngab3uSQB/RVZqM7Mlf0ZF2imgFm2c5pbjtmRbgNx3rympnGRp6GYgFpxTzAWzNzgBzsMORQT6TZ8YwvMZD9eu9z3NJ+0SeO5TkXiiiIiIK1VmzJPuu/CVdUfaBtFL9x/4Site2L9E1ZC6g7HHom9ymuXBqeWTp+y3uVwqiDst7h7lUu8IK7S6lWSr9Jv8ERIRERBERAREQRtptvDMOMcg82FfLoNwDxAX1TI24I4gjzXy7tPZstJI6CZhbJHYEHeLZOad4PFdNNJWF4vGuRd4ZdE5kz85qhxhb7JP9V07a8WJ0Z6HpO0MpOjtewseOpPqsuVczMlq6VvGmkP+WaH+ZdV2xEHFno43WxfSvLQ0dW+Q1HHw1XDU9TccMe3o4sQ+axWGVvSPHXxYeJ7N7bsraXVxsriLiaeQOLh83iawB2Rdrpe5zJt676+MlwnqywMNr4KePpHWF9DvOfBXGhzv+alvfXDE1wNxnod/sCyKZaa4BdTFwzu6rmHVBGhaCbjLTxVoSNb2X00ZGphjMrh13YdN2EAX43XromtF3xQRuIveol6Q3uLX1xfW37hmbqvp+yGTOsRk2lh7sRBtpn7fXlB7ie82DqqSxsS3BEwkEg52B1/rJXW1UsYDcMcY4zzF7iXEm1m5k3PHuvutPp3PAxQyOAJsamYNsC1oOTTp1RlbW/FTNmtgtZohxjN3RWNusbda1z4oMgERFFEXhRB6oe1j6Cb92/8ACVLuoW2LmCawucDtO5SeFhiNmfRt7lKawvyGm8/orOzYiWMvcC2e4rJtFhloucQTyktFgBwAQovQ0ncuopKkUm/vVkUrzv8Ad8FJp4sAt+qIuoiIgiIgIiIC1nlxyPi2nFY2ZUMB6KW2n2H8WH2ahbMiRND5X2lQTU0r4ZmFkrDZzT7CDvB1BVkFfQvLvkbFtKLcypYD0Un5H8WH2ajeDwGvoZaeR8UzCyVhs5p944g6g716cMrZmG4cz5ttLvpZx/8ASA/Bde2yG2ZfobdYXqCbZ4cgB3ewLj3NK620Y/XFMP4QfyrsW15A0MJexuZAMjMedrjCOOR9i56vqXHhAiq8+rLc3Fm0sORsb4MRBsNN/wBZVfJy5t+hmeNPnEzmbm2NgdMzrvb4qhkpdf0tRLbO0EYjaLXNhfx339iuChLjf5Iwb7zyF9t3ZF7aDQ218earLXMYcLXU0bsz6Nplf1AT5gXy9SuNxyXANQ8dfVrYWu6owtByNsvNxuprKKUXtK1jTnaKNoI9WI699rqo7LjPbdI/95I8jyFh7EGPgEDSDJHE0AH6WXpJAfWDluO/cp4rWC3RxucLD6NlgAL2Bva2/wDoqS2nYPqNvxsL+auFyKjQzyuIvFhbncl7SdMsh6/WpN16GHgqhCVBQSqSVIEA4qoRgbkLRUfA5wItrxU2yIWgR0B3u8lfbSNHEqQiUilsYG5VIiAiIgIiICIiAiIgIiIC1Tl5yMj2lHcWZUsHo5OO/A/i0+w58QdrRWJocD5vIJKfa8EMrSyQGdjmu1BFNK7xBsCDvFl3O6g7S5PQT1FNVEYZ4C4te2wL2uY9hY/i2zyRw8SsoIwrnlumyOyySgB4KQAvVlbWBGVUIfWrqIigRDgqgF6iAiIgIiICIiAiIgIiICIiAiIgIiICIiAiIgIiICIiAiIgIiICIiAiIgIiICIiAiIgIiICIiAiIgIiICIiAiIgIiICIiAiIgIiICIiAiIgIiICIiAiIgIiICIiAiIgIiICIiAiIgIiICIiAiIgIiICIiAiIgIiICIiAiIgIiICIiAiIgIiIP/Z', 'Descartáveis', NULL);
INSERT INTO public.produtos (id, categoria_id, nome, codigo_barras, stock_atual, stock_minimo, unidade_medida, descricao, imagem_url, categoria, data_validade) VALUES (37, NULL, 'Caixa Cones Papel (100 un)', NULL, 7.000, 2.000, 'cx', NULL, 'https://dentalaccess.com.br/cdn/shop/files/8ca467f14ba299c9768e688f607b3f44_ebcb789e-b201-4242-b9b6-ba8505d68fb8.jpg?v=1745248035&width=360', 'Descartáveis', NULL);
INSERT INTO public.produtos (id, categoria_id, nome, codigo_barras, stock_atual, stock_minimo, unidade_medida, descricao, imagem_url, categoria, data_validade) VALUES (17, NULL, 'Bisnaga Composito (4 grs)', NULL, 12.000, 3.000, 'un', NULL, 'data:image/jpeg;base64,/9j/4AAQSkZJRgABAQAAAQABAAD/2wCEAAkGBwgHEBMSBxMVFRUXGBIYFxMYGBUZHhgeFhUYGhYYHxgYHigsGxolGxYXIj0nJyorLi8uFx8zODMuNygtLisBCgoKDg0OFhAPFzcdFh4tMzU3Kys3LSstLCs4LTcrNzc3NystKystLS43KzA1KysrNzcrLTctNy0uNys3LTUtLf/AABEIAOEA4QMBIgACEQEDEQH/xAAcAAEAAgMBAQEAAAAAAAAAAAAABgcEBQgBAwL/xAA9EAACAQIEAwUEBwcEAwAAAAAAAQIDEQQFEiEGMUEHUWFxgRMiMpEUI0JScqHRFVNigpKxwTM0ovAXc7L/xAAYAQEBAQEBAAAAAAAAAAAAAAAAAQIDBP/EABsRAQEBAQADAQAAAAAAAAAAAAABEQIDEiEE/9oADAMBAAIRAxEAPwC8QAAAAAAAAAAAAAAAAAAAAAAAAAAAAAAAAAAAAAAAAAAAAAAAAAAAAAAAAAAAAAAAAAAAAAAAAAAAAAAAAAAAAAAAAAAAAAAAAAAAAAAAAAAAAAAAAAAAAAAADW5vnuXZPZY2dpSu4wSvJ22uorpuZeNxVLBU51cQ7RhGUpPwirs5rzLjPH43HVMRHS3J20SV/dvtFPokttvPm2WQdK4TE0sZCM6DvGXI+xB+B+McmxFKOHq1YwrRveLlGzcneymnZ8+V7k4IAAAAAAAAAAAAAAAAAAAAAAAAAAAAAAAAAAAjPaPGtPLa0aF93SUmukXVjq9LflcqKHZji801zyp3it93Zp9FFvab8G42tz7+gpJSVpbruPKdOFJWppJdyVl8kXRypmWX5tkk3DNKcnp+1vGcV33te3i013MknCvaHnGU2jhqntqf7mp8S8t//l+hfuZ5Xgc1hozCnGa6X5x8YyW8X4plW8W9j1OtqqZHK73eh6VL0e0Zeul98mXUS3hntGyPPLRqS9jU5OE9lfuUv1syYJp8jlPH5Xm+V1PZ5lTb0/aacZQXffnb5xfRm84S4+zjJ2lhKntYcvYVHdpL7t3v/K+vIYrpEEL4Z7SMkzu0a8vYVeThPZX8JP8AzYmaafIyPQAAAAAAAAAAAAAAAAAAAAAAAAAAAAAAAAABhZplWBzaGjMKamt7dHG+14yW8X4pplX8VdjlKvqnkk9+eiVlL+rlL1SffIt0Acp5rlecZHPRmlKUtPVqUZpLqnzt4+9HxN3wrx5m2TtLAVfaQ/cVP8dH/K0zobMstwWaQ0ZhTjUj3Ncn3p84vxW5V/FnY7QxF55HLfnok0n6S5S/ms++ZrRJOGe0zJs4tDGP2FXrGb2v+Lp62JrCcKivTaa707nLGb5LnWROUczpyele7qi78+/rFb8nKPibfhPjrNMossuq6o9aFR3v5N8/RpkwdJGqzfP8BlL0123N/Yju/N9xDKPazgauHqOdKUMRGPu038MpPZb9Er3d+idrkNynNqOIlN4qtrxNSTlNvx5KP6Ly6DBdmUZrhs3p+0wl7JuLTVmmrOz9GvmZxFezuElh6snylVlb0hFP80/kSogAAAAAAAAAAAAAAAAAAAAAAAAAAAAAAAAw8zyrAZtDRmVONSKd0pK+l96fOL8VuVhxZ2PUcTqqZJLfnok0n6T5S/mV/wCIts8k1FNvoNHKWaYfF5EpUcY37SLaafOP8PN/k2tzb9mOS0s6xGvGq9OnZyT5Tk/hi/Dm35JdT3Mcuhnzq1sTJqdSpUmmt+cm9113bJFwXga2WYSaUNcdc1Ulpk4ttbJu33dPPvNai0skzzC1IpU4+zW9oNRjf3rXSi9vedrc73TSZvqdaFTkVe4YPFxcJr2bcXFJ7qzbctMujnKaTfNrzuZmFzbNcv3r3m/cWnfS77ykpafhu9Ks39i6TbZBZANDlnEFHEqN7rVa2pNJu17Rlylyb25pXW25uaVeFXkRX1AAAAAAAAAAAAAAAAAAAAAAAAAAAAADxq/M9AFXf+N8eq2iE4Khqfv3epRbvbTb4und18Cxssy7C5XSjRwUdMIrZd9+bb6tve5lgDRZnwvgcZd0Pq5PuXut+MenpYjWLy/MclT9otUL31Xcl4bv4d7c/nyLCD35gVhhP2fVajWi4e8pODu1K0ZRjG937iUm9K23tyujd4LG1cM4KKa1c05XV3JW0q72SfyV+m+1zbhTA47fD3pSV/htpd3fem9n5qz35kbeBzTI5NYmLcP3kW3Da+7vvB7dbrx3LqJNl/EGGxMnGD5SlC/STjfUk+rVnfrtytZvcwrQmV9OCqpPCS0NQUFHktOqLaUlvC6io3V9rbbH6oZlmOW1IxhC8JyVopuSTkqjcIt77KEd3aK1PpZILDBqqGYxhpVZpOXJX5tK7S7zYU68JkV9QAAAAAAAAAAAAAAAAAAAAAAAAVzxF2h4nLcdWwuFjT+ripe/dalpi5e9qVmpStbuIzmXaRm8k/aYqhR/hpqM5fkp/wB0XBdU5xppuo0kubeyMGlnmUVpaaOIoSle2lVIN37rJnOOZcYyxL1VamIry6OpNpekbyS+SMSMc7x7j9HirSfuLS5Sl5R3v6IYOqQQ7gvhrMcJgqVPP603UWuThCTioqb1KDa5yi2907b23sb79jxp/wC2rVoeGvUv+aZBswa32Oa0f9OpTmu6UXH/AJRv/YzcO60or6QkpdVFtr5tIDV4/h3B4neh9XL+Hk/OP6WNHicHj8t/1o3j9+N2vX7vqTUAQSFRTmqkX7yVlGTbj13S6Ss2rroz7YLM6mDnTo1W5zlqlKWpu1233fCuW9ulr8lvswyDC4reh9XLvitn5x/SzNDisJjst3xEbx+/HdevWPrt4lRIqGOa+IzaeIhMiuBxHtXtyX/UbKNZR3bt4nk8/wCn06nMdePHs1vgUxje1XF0MVL6Gk6KuoRsmpJfbfVNvx5WJHw32nYXMNsckvGF7rzg9/VNnpm2bY51YgMfBY3DY+GvBzU496f5PufgzIKAAAAAAAAAAAAAAAAKb7UeC81zDMVXymnKoq0HGVuktGizfKOyg7uy2ZGc37LMbw5hJYrNq9NuMqSVGCcr65qO85W5J35PkdFEV7T8vq5lllaGHvqTpTsldtQqxclZfwpl0UhgMrw+Em5KlRqpvZTktvSNeD+fcS7KuK8ZlTvg8LgoPlqhTpqTXdq+kNtGkodkXE1eEZONOLkk7OpZq6vZq3NGrz3s/wA04aUJ53KGictCjTk5Sbs3yty2/sX4ibZn2pcQ4a3sKWGfO6ak2rfhqtb/AD2N5wh2p0s2qxoZzR9jOTUY1IuU4SlKSUYtWvBtvnutt2imcDwzPHy0YSvS/FLWmvOEYSlH+m3iWb2f9lmEpVIYjM8TTr6HGUaVGTcVOMlKLlPZuzXw6V49wuC3VXovZSj80fQwHk2Wc40aafPVGKi/PVGzH0PEYf8A2dR2+5Pdf1dPkzKs8GLRxNa6jiKbT71uvO/ReZlAAABr6uT4V3dBKDe708n6EP7QaGaYPA1lgYSm5JRbgnK0W/fbS3Xu3V/EsAHHvwcddTqz63O7Jjkq86W3U+lKdPm7xf3lsXHxt2WQzOc8Rkc1CpJuUqUvhk3z0yS91+Dut+hUecZLmOTT9nmlKdOW/wAS2du6XKS8mz0SubcZPxVmOS1Izu2rxvNXvZfZlbZp93Pn4F08N8d5NniSU1Tnt7sntfwl+tmUDk2ZywcWqTVpu8oTWqE9recXZJbdxnfRsBiWpYOTwtV8oyd6cvwzXL1Fg6ZBRGTcccQ8KtQzSLlT6X3i/wAMv0foXTkeaYfOsPSxGE+GpFSXhfnF+Kd16GcVnAAAAAAAAAAAAAAAAFT9seT57nWIofs2jUnSo05S1Q396crPZc2lGPLfctgAcwwxOKwstGZ01Jr7NWFpL1dmjZU86pU3qo1KtKVttTdRLymmqkfSR0HjsvwWYR046nCou6UU/wC/IhWddlOR467wMp0Jb2s9cd++Mt/lJF0V9lXadxRgZtyarUtT+rqWbS/9kbP1eouLhHijBcVUXVwalFxajOnNWcXa/rF9GvyaaKlxvY7xHRlbB1aFSPSTlOD/AKdLt6SZPezzgrH8MU5yxdWDq1NF4pOUYqN/d1Ozle972X+RcE6BiSxc6FvpcbL763Xr3GUmnyIPQAAAAAxswwGDzKDp4+nGpB84ySa89+pkgCE8R9mPD+c3lho/Rqn3qSSi/wAVL4X5qz8Src/4E4j4bu9HtqW/1lJOasvv0ucfzS7zogF0ctUMbi60FSwV5KTVqSlri30tF3d/C50VwZkryDA0aFR3nGN6j75y3n6XdvJI2dLBYSjJzo04Rk+clGKb82luZA0AAQAAAAAAAAAAAAAAAAAAAAAHkkpbMwXQrYLfCe9DrT7vwvp5cvnczwB+KFWNaKlG9mr7pp/Jn7AAAAAAAAAAAAAAAAAAAAAAAAAAAAAAAAAAAAAAAAAAAAAAAAAAAAAAAAAAAAAAAAAAAAAAAAAAAAAAAAAAAAAAAAAAAAAAAAAAAAAAAAAAAAAAAAAAAAAAAAAAAAAAAAAAAAAAAP/Z', 'Descartáveis', NULL);
INSERT INTO public.produtos (id, categoria_id, nome, codigo_barras, stock_atual, stock_minimo, unidade_medida, descricao, imagem_url, categoria, data_validade) VALUES (19, NULL, 'Bisnaga Bonding (5 ml)', NULL, 6.000, 2.000, 'un', NULL, 'https://thumbs.dreamstime.com/b/seringa-para-aplicar-anestesia-43126439.jpg', 'Descartáveis', NULL);
INSERT INTO public.produtos (id, categoria_id, nome, codigo_barras, stock_atual, stock_minimo, unidade_medida, descricao, imagem_url, categoria, data_validade) VALUES (20, NULL, 'Bisnaga Flow (1 gr)', NULL, 10.000, 2.000, 'un', NULL, 'https://stardentalsupplies.com/wp-content/uploads/2023/10/282-2203-Clearfil-Majesty-Flow-2.png', 'Descartáveis', NULL);
INSERT INTO public.produtos (id, categoria_id, nome, codigo_barras, stock_atual, stock_minimo, unidade_medida, descricao, imagem_url, categoria, data_validade) VALUES (21, NULL, 'Cunha Madeira (100 un)', NULL, 5.000, 2.000, 'cx', NULL, 'https://cdn.dentalspeed.com/produtos/550/cunha-interdental-madeira-natural-sortida-tdv-dental-speed-3659.jpg', 'Descartáveis', NULL);
INSERT INTO public.produtos (id, categoria_id, nome, codigo_barras, stock_atual, stock_minimo, unidade_medida, descricao, imagem_url, categoria, data_validade) VALUES (22, NULL, 'Matriz Metalica (3 mts)', NULL, 4.000, 1.000, 'cx', NULL, 'https://dentarius.com/img/p/1/5/0/5/3/15053.jpg', 'Descartáveis', NULL);
INSERT INTO public.produtos (id, categoria_id, nome, codigo_barras, stock_atual, stock_minimo, unidade_medida, descricao, imagem_url, categoria, data_validade) VALUES (24, NULL, 'Caixa Micro Brush (100 un)', NULL, 8.000, 2.000, 'cx', NULL, 'https://storage.googleapis.com/catalogo-mais-odonto.appspot.com/photos/resize/microaplicador-microbrush-microdont-1723560237813-0_1600x1600.png', 'Descartáveis', NULL);
INSERT INTO public.produtos (id, categoria_id, nome, codigo_barras, stock_atual, stock_minimo, unidade_medida, descricao, imagem_url, categoria, data_validade) VALUES (38, NULL, 'Caixa Gutta Percha (60 un)', NULL, 7.000, 2.000, 'cx', NULL, 'https://cdn.dentalspeed.com/produtos/550/guta-percha-pro-r-25-mk-life-ds-26090a-1.jpg', 'Descartáveis', NULL);
INSERT INTO public.produtos (id, categoria_id, nome, codigo_barras, stock_atual, stock_minimo, unidade_medida, descricao, imagem_url, categoria, data_validade) VALUES (16, NULL, 'Porta Agulhas', NULL, 1.000, 1.000, 'un', NULL, 'https://lojaortopedica.pt/12154-large_default/porta-agulhas-mayo-hegar.jpg', 'Anestesia', NULL);
INSERT INTO public.produtos (id, categoria_id, nome, codigo_barras, stock_atual, stock_minimo, unidade_medida, descricao, imagem_url, categoria, data_validade) VALUES (51, NULL, 'Bandas Ortodonticas', NULL, 12.000, 5.000, 'un', NULL, 'https://cdn.dentalcremer.com.br/produtos/550/banda-molar-universal-superior-orthometric-dc25511-dental-cremer.jpg', 'Descartáveis', NULL);
INSERT INTO public.produtos (id, categoria_id, nome, codigo_barras, stock_atual, stock_minimo, unidade_medida, descricao, imagem_url, categoria, data_validade) VALUES (11, NULL, 'Alavanca', NULL, 1.000, 1.000, 'un', NULL, 'https://www.exomed.pt/img/p/104-167-large.jpg', 'Descartáveis', NULL);
INSERT INTO public.produtos (id, categoria_id, nome, codigo_barras, stock_atual, stock_minimo, unidade_medida, descricao, imagem_url, categoria, data_validade) VALUES (12, NULL, 'Boticao', NULL, 1.000, 1.000, 'un', NULL, 'https://crm.innerjoin.pt/douromed/images/produtos/4413/4830.jpg', 'Descartáveis', NULL);
INSERT INTO public.produtos (id, categoria_id, nome, codigo_barras, stock_atual, stock_minimo, unidade_medida, descricao, imagem_url, categoria, data_validade) VALUES (18, NULL, 'Bisnaga Acido (12 grs)', NULL, 8.000, 2.000, 'un', NULL, 'data:image/jpeg;base64,/9j/4AAQSkZJRgABAQAAAQABAAD/2wCEAAkGBxIHBhISBxEVERUVFhUSGBYSFRYXHhUYGBcWFhcXFxoYHSgiJBomGxcYIjUtJSkrMjEuGB8/PT84NyguLisBCgoKDg0OGhAQGy8lHyUtNzcrLysxKysrKystNS03LzctLi8tLS01NzU3LSs1LSs4Ny01LS0vLSstKy43LS8uLf/AABEIAOEA4QMBIgACEQEDEQH/xAAbAAEAAgMBAQAAAAAAAAAAAAAABQYDBAcCAf/EADcQAAIBAwIEBAQEBgEFAAAAAAABAgMEEQUhEjFBUQYiYXETMoGRFFKxwSMkQuHw8WIzQ3KCof/EABkBAQADAQEAAAAAAAAAAAAAAAABAwQCBf/EACcRAQACAgEBBwUBAAAAAAAAAAABAgMhERIxQVFhcbHwEyKRocEE/9oADAMBAAIRAxEAPwDuIAAAAAAAAAAAAAAAAAAAAAAAAAAAAAAAAAAAAAAAAAAAAAAAAAAAAAAAAAAAAAAAAAAAAAAAAAAAAAAAAAAAAAAYLqs6Cg1yc4xl6KXlWP8A2cfpkDOAAAAAAAAAAAAAAAAAAAAAAAAAAAAAAAAAAAAAGO4oq4t5QnyknF49Vjb1MgAwWNZ17WLqY4l5ZJdJx2kvbKZnME6DjUcrdpN7tPlJpJb9nhJZ9ueDWq6vToVuC4TjLm1s8L82zy4+yJiOUTMR2pAGta31O7X8GWe3r7GyRMcETE9gAAkAAAAAAAAAAAAAAAAAAAAAAAAAAAAAAAAInX9GjqtFPGKkcYmtpLGXjPbPRksCa2ms8w5tWLRxLmV5UudDq/xPNl44t8N/8l36/uTemaxdW8U7jhrQxlqOzj/4v/PoWXVNMhqVDhrbPpJc0+hU9QsqujU9945xxrl9ezNtclMkcTEcvOthyYbc1men2Wq11eld0OKhLPRx/qT9V+/I3KVVVV5Hk5zpmpxd9w1IKKeHxRymvt3/AHLRaKVKnxKbe7eXs16GfLi6JbMOXrjawgrE/Fa/EfAt4fErPCSXJZ/N6/5sWGjUfw18bGcb8OcZ64z0KprMdq7lmABCQAAAAAAAAAAAAAAAAAAAAAAAAAAAAAMF7Sda1lGGHlYw+vdGcAUWWh8GpOUvIkliPbC5/chvEetVNMsI4zGVR5WOaj1S9eUfr6HTri3jcwxVWfXqvZlA8TaL8XW6arS4oU4qSXu3z9f7GjHkibR19ymcfEfa2PAVg7e0lXu0nUqyc84WUnt9uiXb3LTVrSqU/wCUcW1LD3zjHNe/2KpqGrPT7P8AgLM5NU6ce8nstuy5/QjLKtU0aUKk6TpuEZxqNzUneVqj8iWOnE3LLWUvY7jHOTm34V3y/Tnp49fJe46m8YpxSmmk6c5JNp43i+r3W36ZN6zu1dQfDlOLcZRfSS5r9/Zor1pqKvHUpaqlSqU4x43Cfl4anaT5ZxjD9PRknQ+JbvE38SOYpYWOFNpe75/ZPdcim1ONLqX6o5hLAwwq4+YyQmpryPPT+xUsegAAAAAAAAAAAAAAAAAAAAAAAAAAAAA0r/TIXu8vLL8y/fuboA51ren3enX/ABxUJ0ljCk8JYW7UsbPn9OhpXMI6h/FqcNeFOnPhoxalmo1vlxe7xhLtnJ1GUVOOJrKfRlX17wmrunOWnvgm8SW+MSjykn3w8e3si+uXcd3mz3xatxvylSrWUba3ULhZhRUatw1luvX/AO3Ry+eM79CY03xJU062qS1KTrTlU8tOLXkSfDPD3xHjbglvlw26sjJ152daMNdp705OcZpcpJYU5xW0sbPK3W2xjhbLT7f4tDFSNNRlCTafxq83wqct9owctk+rfdm37bat3/v0n5r0YI5ruuuPzHrHzfnLpVC8hVqcPElPCbhxR4o57pMiY6m3fSp3X8tWXyz5wnHO3Em94/XbfeLKpWr0tFnB1pL+W4ru5r/1NtNKnnm3NvGPYzWfiCpe6QqnjS2hSoTgq9O4oTclSVSSUYTSXFGaUo5ksxaTzjDMlq0pPq3Uve8T3cfPnmvem6urm5lRuo/CrwScoZypRfKdN9YP7rkyTOXVNKubfUade0nK7pcDjSqUWpeSSksNJvbzPeO3XbkT3hnxbCdjTjeyblxTjJyfy+Z8Cln0wTf/AD66qTymubfTeOFzB4pVY1oJ0mpJ7pp5yezK0AAAAAAAAAAAAAAAAAAAAAAAAAAAAADT1LTKWpUXG7gpevVezKHrHhetpLlOwfxIP5oyXEpLtOPX358t2dIBZTJanYryYq37XE9Rgr+nQhZ0oR+FV+NO0m+BXUoryJVeWYvfhksN4zsjd1anGlQjpfh6P4eVzxVa3A9rehLCqtLdJz+RJbbvlzL5r/hKjqkXKilCfts/dFPqO48P1+G/g6keSltxJdOGT5r0ffZlkxXJuvb4T/JUxa2LVo14x/YaFtfVdNleR8DU4Ure04pVE4TrfibiMFxUKUVLypJJSa/qfLqWmpaWfiXUXF5p3FFUqlaNJJNfFjmMKkuHDe3v9ymaTUuPD+j50+cLmlRjKnTpUacviVq1SfllcOXyYb3xs8t9kaVjZ3cb96bUrwqKvKF7eV6anGpBNpzpOSePO4xUcYajnbBXFrUnWpX8VvHjC4Wd5deG40rW5cKSc58FefmhNN8Ty+a3fLZ79ty4aP4ipanWlCGVKLcd1hSxzcf19jDONO+t+C7hGpB48sllbcnv19Sk0PDV5ZXVT8LDjjHiUH8WMVOMouOybyppPO+Fnv10x9PNEzbU+6ievHMdO49nVQUHwv4thQ0mX42o5SjPCp4zJRwur2aznqXTT7+nqNrGpay4oyWV9NmvdPYz5MNsc7XY8tbxptAAqWAAAAAAAAAAAAAAAAAAAAAAAAAAAGG6tYXdJxuYqSfczACg654Nna1HW0WTTXRc/Z7br0Zp2dpGyU5uMIzqYnVlHZSkopZeXySX69zpRHajpELzLj5Jd1190WTkm0cSrrirWZmFWsb11JyWGuF43x+nNP3XJrBMW933K/qOhys7hNLgf/HZNdeFrk+vvnbd53KDUYpQWEkkkuiXQ5dtq68M2t9RSpU1Rkm5RnSSTTbzv3Wen2wZtF0yWl2rpzmpNTlJOOeuM5zvnYzWVbETIpPi3Opy2mvTM6cRjrE9XG2/RunDarubM6yjScluvTr6EcpKS8x8cOH5Th2+1KspyzJteieEjbsKkpxfxd8cjTxxfUkreHBSX3AyAAhIAAAAAAAAAAAAAAAAAAAAAAAAAAPFWmqsGqqTT6MhLvQuGebR7flfT2ZPACCpWyhDCe65/wCj01j5iWrW6rc9n3Ro1qTpf9RZXdEjBy5GWnU6MxLnsGwhsZ6x7m5RuFU2ez7P9iNi8Lc98WVuBKgjON/ml92fCEpQAAAAAAAAAAAAAAAAAAAAAAAAAAAAAMVzU4KXvsZTU1CDdNOPQDSa4flPVC3dbLX+/Q8U26sko82S9OCpwSiShGTi4SxJYPDXYlqlNVFiaNGvbOnvDdf/AFAa+4HEgBMAAhIAAAAAAAAAAAAAAAAAAAAAAAAAAAAA+JY5H0AAAAPmAfQAAAAAAAAAAAAAAAAAAAAAAAAAAAAAAAAAAAAAAAAAAAAAAAAAAAAAAAAAAAAAAAAAAAAAAAAAAAAAAAAAAAAAAAAAAAAAAAAAAAAAAAAAAAAAAAAAAAAAAAAB/9k=', 'Endo_Restauro', NULL);
INSERT INTO public.produtos (id, categoria_id, nome, codigo_barras, stock_atual, stock_minimo, unidade_medida, descricao, imagem_url, categoria, data_validade) VALUES (14, NULL, 'Broca Osso', NULL, 3.000, 2.000, 'un', NULL, 'https://storage.googleapis.com/catalogo-mais-odonto.appspot.com/photos/resize/broca-carbide-cirurgica-lindemann-american-burrs-1634587728454-0_400x400.png', 'Endo_Restauro', NULL);
INSERT INTO public.produtos (id, categoria_id, nome, codigo_barras, stock_atual, stock_minimo, unidade_medida, descricao, imagem_url, categoria, data_validade) VALUES (26, NULL, 'Broca Esferica', NULL, 5.000, 2.000, 'un', NULL, 'https://cdn.awsli.com.br/2500x2500/2597/2597042/produto/222920498/broca-esferica-diamantada-ucksgmroag.jpg', 'Endo_Restauro', NULL);
INSERT INTO public.produtos (id, categoria_id, nome, codigo_barras, stock_atual, stock_minimo, unidade_medida, descricao, imagem_url, categoria, data_validade) VALUES (13, NULL, 'Sindesmotomo', NULL, 0.000, 1.000, 'un', NULL, 'https://dentalecia.vteximg.com.br/arquivos/ids/172963-1000-1000/sindesmotomo.png?v=637870997783400000', 'Descartáveis', NULL);
INSERT INTO public.produtos (id, categoria_id, nome, codigo_barras, stock_atual, stock_minimo, unidade_medida, descricao, imagem_url, categoria, data_validade) VALUES (15, NULL, 'Tesoura', NULL, 2.000, 1.000, 'un', NULL, 'https://medicamark.pt/wp-content/uploads/2016/05/BC107R-1.jpg', 'Descartáveis', NULL);
INSERT INTO public.produtos (id, categoria_id, nome, codigo_barras, stock_atual, stock_minimo, unidade_medida, descricao, imagem_url, categoria, data_validade) VALUES (25, NULL, 'Broca Laminada', NULL, 4.000, 2.000, 'un', NULL, 'https://henryschein.pt/media/catalog/product/f/r/fresa-zekrya_common_image.jpg?quality=80&bg-color=255,255,255&fit=bounds&height=700&width=700&canvas=700:700', 'Endo_Restauro', NULL);
INSERT INTO public.produtos (id, categoria_id, nome, codigo_barras, stock_atual, stock_minimo, unidade_medida, descricao, imagem_url, categoria, data_validade) VALUES (65, NULL, 'Broca Implante 4', NULL, 3.000, 2.000, 'un', NULL, 'https://cdn.dentalspeed.com/produtos/550/broca-helicoidal-20-150001-sin17653a.jpg', 'Cirurgia', NULL);
INSERT INTO public.produtos (id, categoria_id, nome, codigo_barras, stock_atual, stock_minimo, unidade_medida, descricao, imagem_url, categoria, data_validade) VALUES (41, NULL, 'Banda Com Tubo (1 un)', NULL, 20.000, 5.000, 'un', NULL, 'https://cdn.dentalspeed.com/produtos/210/banda-com-tubo-morelli-inferior.jpg', 'Ortodontia', NULL);
INSERT INTO public.produtos (id, categoria_id, nome, codigo_barras, stock_atual, stock_minimo, unidade_medida, descricao, imagem_url, categoria, data_validade) VALUES (42, NULL, 'Caixa de Arcos (10 un)', NULL, 12.000, 3.000, 'cx', NULL, 'https://images.tcdn.com.br/img/img_prod/1231250/arco_de_yong_adulto_golgran_4870_1_43da2a823e457611593c33be3596c638.jpg', 'Ortodontia', NULL);
INSERT INTO public.produtos (id, categoria_id, nome, codigo_barras, stock_atual, stock_minimo, unidade_medida, descricao, imagem_url, categoria, data_validade) VALUES (43, NULL, 'Caixa de Arcos com loop (2 un)', NULL, 10.000, 2.000, 'cx', NULL, 'https://msdental.pt/wp-content/uploads/2022/06/arco-ball-post-600x600.jpeg', 'Ortodontia', NULL);
INSERT INTO public.produtos (id, categoria_id, nome, codigo_barras, stock_atual, stock_minimo, unidade_medida, descricao, imagem_url, categoria, data_validade) VALUES (48, NULL, 'Arco 0,16 Aco com loop', NULL, 10.000, 2.000, 'un', NULL, 'https://msdental.pt/wp-content/uploads/2022/06/arco-pre-formado-4-t-loop-600x600.jpeg', 'Ortodontia', NULL);
INSERT INTO public.produtos (id, categoria_id, nome, codigo_barras, stock_atual, stock_minimo, unidade_medida, descricao, imagem_url, categoria, data_validade) VALUES (49, NULL, 'Arco 0,18 Aco', NULL, 10.000, 2.000, 'un', NULL, 'data:image/jpeg;base64,/9j/4AAQSkZJRgABAQAAAQABAAD/2wCEAAkGBxAQERISEhIWFRUVFhIVFRcSEBUWFRIWFRcXFxYWExUYHSgiGh0mHRkXIz0jJSkrLi4uFyAzRDUtNyouLisBCgoKBQUFDgUFDisZExkrKysrKysrKysrKysrKysrKysrKysrKysrKysrKysrKysrKysrKysrKysrKysrKysrK//AABEIAN4A4wMBIgACEQEDEQH/xAAbAAEAAgMBAQAAAAAAAAAAAAAABQYDBAcCAf/EADwQAAICAQIFAgQDBAkEAwAAAAECAAMRBCEFBhIxQRMiMkJRYSNScRRDYoEzU2NygpGh4fEkscHRBxVz/8QAFAEBAAAAAAAAAAAAAAAAAAAAAP/EABQRAQAAAAAAAAAAAAAAAAAAAAD/2gAMAwEAAhEDEQA/AO4xEQEREBERAREQERMGt1S1IXO+OwGMsfAGf+B37QI7mLjdOmRg7AEqfOAoOQCx77kEAAEkg4BwcVfgvP8ApkrqqZx7VVOu1baw/SMZ6ulh2x8RE0+FaR+K6k32e6itmFYIPRdb2e7pPdB8Kg+AAd+vqul/AK3XpOGH0YBlP+E7QMuj47RYqt1dIbsWKlCT2AtUlCfsGzJIGUHV8kCpjZpms07/AF07exvtZWdmH27TTp1/EtGfdULkGPdpPw3/AMembKMT56Av6+QHS4lV4Hzrp9R7c+/ynT0WqfOaWJJ/wF//AHZdPqEsGUYHGxwdwfoR4P2MDLERAREQEREBERAREQEREBERAREQEREBERAREQE53zZxF9feuioJwd7WH7uo4yfp1OCMfwsPDnE7zzx5dLSVA6mbChB3ct2r/nuT/CCNiyzDyPwBqKzZcS11hL2ucZZzk42AGBk9sDJOwGIE9wbh6aepURQoAAAHgDsP95vxEBMF+kR+6iZ4gVjjfKFGoHvRX+hIw4/RxuJXbOHcQ0ZzVab1HavUuRao/LXqQQcfZtvsZ0meLKwwwRmBTOE89oXFWoVqrfyXAIx/uWDFb5P9zt5lv02rSzPSdxjIIIZc9upTuJFcX5cqvQqyK6n5XGR/L6H7jeVGzgmr0eP2ZyyLnpovZsIPI094w9f6ZxA6VEpfB+dlZxVcrV2bD07ulLD/APm+yWj9Ok/Yyc1nG09iUsptc4CnugGOprEJDAD+XcDuRAmInwGfYCIiAiIgIiICIiAiIgIiICIiAmtxDVrShc4+2TgE4zufAABJPgAnxNgmc75s1z67ULoqiQrANcw+Sj6f3nONvy9HhmgeOXtM3EtWdY+9SFloyMdR7PcR98ADPYKo7oJ0atAoAE1OFaFaK1RQAAAAB4AGAJuwERPFNquoZSCD2I7GB7iIgIiICeXrDDBGZ6iBAcb5Zp1ClWRWH5WHb7qe4P6Sk6zgut0Th6HexUBAVmHr1qdytVjAh02H4bgrsNgQGHVZivoVxhhmBUOXefKrQRqCKyuAz9JRUJ2xehJNJyMZJKHwxO0uYOZTuYuTkuItUslq/BbWcWLnbB/OuNiD3G20rOg41rOFMEuC+lkBTuNPYfoDj/pXP0P4ZPhB7iHWIkbwfjVOqDdBIdNrK3HTZWfHUvkHwwyp7gkSSgIiICIiAiIgIiICIiAiJGavjVdbMhBDjPSGHSr7ZJDflAyS3gA/SBGc7cdXTUkAdTHChfNjt8FQHnPcgfKD5ZZi5I4E1CNZaeq61jZax8ufA+wyf5k+CJAcs6duJan9sck1IWGn6gR1n95eVJOCSMAfKFVfkE6RWgAAHiB6iJBc1cwJo6yxOO2SBlh1bKla/NYx2Udu5Ow3D7x7majSKSzqOkhSWbADEZFagAs9mN+hQTjBOARmt8I51rrC1t1IpJ6X1WmfT17ksM2hnCDG2WA8Ry1y9bfZ+16pcWYIqrySukrJz0rnvac5azuSTLZfwStlK98jBDYIOe4IPeBs6PXrZ7cFHAyUfHVjb3DBIZd/iUkeO825QreG36E4pU2Ug59AuQajn4tHYT+Ge/sPtPbbJlg4LzDXcuevKghC5HSyOf3eor71v23+E7YxkCBOxEQEREBERATQ4jwuu5SCBuCCCAQwPhge4m/EDlvFeWL9IyvperpTPp1rYFtoBzn9jtbbpO34Nmaz+uMTvKvPCXfh6nCMCE9Qqa169gK9RW2+ntJ2Cts3ysewt2r0y2KQZSuZeVQ56/gswVFqqGLKdvTvQ7XV426WgXyJzLgXNGp0Lrp9UjOp+HDFyRnc6V2ObFHc0t+IvYdWyjo2i1ld6LZU4dGGQynIP+/28QM8REBERAREQEREBOc816ttbeNFQSFsHVcyk+zT5B/zsIG2/tA8OZZOceMrp6XyCwAHUo72Ftq6F/isbbbsoY7bTW5K4I1Stdd7r7m9S1v4j2UfwqNgP1gT3CtClFaoqhQAAAOwA7CbsTU4lrloQuxHYkAsFGwySzHsoAJJ8AEwNbj3Ga9LWzu4XCliWyVrUbdbAbkZwABuxIA77U/lzhVutuXV6gMoBJ09TnLVhu912NmucAfZBhRsJh4fp7OLXrfZn9mRg1SsvT+0uuR67r/Vr8inweo7kzounpCDA/5geqqwoAE9xEDxdUHGCMiVTjfLzq/r6dvTtAx1gdQdf6u5Ozoe31GcjBxLdPhECo8u8w+/9nsT07FGTSSWPT5fSt+9r89HxJ9x0iW2uwMAykEHcEdjK7zHy3XqFyMhlPUjISr1N4athuDI3gnHrq7Rp9TgXMT0OAFq1o/gzgJfjuuwb7Z9oXaJjouV1DKcg/yII7gg7gg7EHcTJAREQEREBPjKDsZ9iBXuO8uVXoyFAynup238FSN1I+o3lGV9Xwm02Bi1TH3O+elzsAusVRs2MD9pUZ2UMG2x1qamt0CWgggZwR27g9wfqIGrwDj1OsQms4den1K2x11lhkZxsynfDLlTjYmSs5Pxvl6/QWC/SF1CZPRWOpqx3b0VO1lZ3JqP6jBwRduUeaa9dUSxVbawptVWyhDD22VMcZQ4PfBBBBwRAsUTxTcrqGRgynsVIIP6ET5AyREQEwazUemucZYkKq/mY9h9vufABPiZ5QuauJPqrV0lDYa5Tlh+40ucWW/37fhX+HfbMDFwqg8R1frE9VGndvSONrtR8NupH8Kj8NfpjOZf9kX7KM7Ant9huZp8F4cmnqStFCqqqqgfKqjCj/KbWptVFLMekAbk+IGunFaWoXUI4etgpQ1+71OrZQn1JJA/WUK9n4xqGUH/AKVD02lTtqXQ76esjvSp+Jh/SMMfCoAxamt9VqL9Lp+qtGfOqZCQKi491VPgX2jd2HwA4+JmJv8AwbhlenrVEUKFUKqqNlUDZRAz6HSLUoAHgdv+w+gmzEQEREBERASE5h4DVqa2VlznfY4II7Mrd1YHcESbiBzzh3GNTpLlo1DdTsemm5vamuAGBTd4TUgDZ+zgAfTFsq46lrKtKl26gLAfb6H5hbn4X/h7nbxkj5zDwOrV1OlihlYYYHz9wRuCPB8Sj6Limo4fetWoBuJwtVmwbVovaqw7BdQgx0sT+IPaTkq0DqETBodZXfWttTBkcZUjO/6g7gjtg7gjEzwEREBERAREQMOq04sXB7+D9DOYcG5d012ucBEsTpuudXXKAXug0owDhgUrus6T2Fi7S586cYTT0MGBYEDrVc9TqT0rUuB8VjEIPsXPyz5yZwh6Kme4hr7WNt7DYNY3cKPyqAqAfRR9YE1pdKK0VFAVVAAVFCqB9FUbARNmICImDW6kVIWxk7BVHdmOyrnxk+TsO52ECE5x44mlpYtkgAFwvxP1EhKk/idgRsNlVzttNTkngllavfqMHUXMHuIGACBha0BzhUXCgZ+sheE1NxPWeuT1afTuwqIz06i/4bNRjO6rjpXvgDv3nRK0CgAeIHp2ABJOABkk7AAeTKBzHxqzV2rptKSH2cvgEaas/DfYvm1t/TTx8Z+XG1zbzDYbE02mCu9gJQH4SoOHvu/sEO2O9j4Ue0HqleVuX101e5LuzF7Hf47rG+Kxz9T9OwGAO0DY5c4HVpKlRFwF7ZOSSdyzE7lidyT3JkzEQEREBERAREQEREBITmbgFWrqat1yGG4Hf7Mp8MPB/wCJNxA5dy/xnUcO1DUaj3Kep2bB/HRe+orB7WqP6RB8QHWN1bq6fVYrKGUgqwBBByCDuCD5ErnNvLq6mvIJR1IdHUe6p1+F1/8AI8j+UrvJPMDaZzpNQBWOsKRn20WufZ6f009pyV39jno7FBA6PERAREQExam9a0Z2OFUEnbJ2+g8n7TLKfzrxll6aKTm1nWuvyPXZepWYflqT8U/f0x5xA0NFU2v15d/6PSufOVfUlcEfQihD0D+0ew4l9RQAAPEi+WuEJpKEqQbKO57sSSWZvuzEsfuxktAREQE55zfxR9XcmjobDWA5YfudPkrbeP4n+Bftk594m7znrE0rtd1uCUAsRXJW4HK1VdPh2bOCu4UWHvgzX5Z4bdpam1VyepfayveAN0TG1dKjOQmwCZPkDOFBC3cE4amnqStFwFUAD6Adv1P/AJzILnDmFUT0agbLHb0lRDg3uMdVYb5a1zl3Hwj2j3H2++YObqa6g1TFw3SOqoZZmf4KaB81zfT5B7jjYNq8p8vN1HU6gL6rL09KHNenrzkUUfbO7N87b/SBtcpcvGkNba3qXWFWtfpwGIGFStflrQbKvgb9zLVPijGwn2AiIgIiICIiAiIgIiICIiAMpXO/LRtHrVKptVXUBvgurb+k09ufkf8A0OCMHeXWeXQEEHsYFQ5C5k9dRp7C3WoPptZgOypgPVb/AG1ZIDfmBVx3OLjOac78DbT2ftdLFAGVrSi5KlNq9Qg/MmSGHzVs4x5Fw5T4+NbT1EBbqyEvRTkI+AQUPlGBDKfKsPOYE3ERA1OJ6v0qywALH2oCcBnPYE+B5J8AE+JTeTNIdVe+uYkphqtOW+arq6rNRjw11mT9kVBsNp45u1Ta29NHUTiwOHIHwadWC3vnwbG/BX7eodwQZd+HaVaq1RQAAAAAMAADAA+wG0DZiIgIiIFR13LRu1yXuzFEJdayB0iwgD1CRuxAAABHt8HxJXmTWDS6ZnA9qDLMF6jWoBJZaxu52AC/UjOBkyZmLUacOMH/AEgUTlPgL3WDVXoKyOr0KRgjTJYSzsx+a+wks7/U4l+RQBgdp8pqCDA7T3AREQEREBERAREQEREBERAREQEREDDq9OLFIP8A2nJ77G4Nr0YZ9I+0DOzactm2o57mon1F89JZfIE69Ocf/LNK3CtAM+mLbLSDjpL1PXRWD+eyxlAXz0mB0ZSCMjsZDc18XTS0MzP0Dpdmcd660wbHH1bdVHf3WJ4zNThV+srWpbbNMURVDkJcrBVX3HJYjO36Su6gniev9LB9Kk1W3AgjLjLabTn7oCbmH5mUeIEryDwlwjaq9Al1/SzIO1CKOmmhPsiY/mWlynipOkYnuAiIgIiICIiAiIgIiICIiAiIgIiICIiAiIgIiICIlM5r5tVB6VIdnc9Na1HFmpbfK1Nj8OsfNedgAenJ3UJDmfmqnSI+X6SNiwTr95+GqpP3lp/KNlGC2AR1Vvlzg2p1dyanVgoEPVTQzljW2MG/UN89+NgcAINgBsBtct8r2WWDVash7gMIFH4WlU5/D04Pnvmw7t/qblqLF09RIXOMBVHd2OyqPuSQPpvArnO/FhRUK0UMxNahP662wkUUfoSpdu/srYEYbM1eS9DqdG4qfovSxnse4ey1LXBZzaGP4ilhgMu4BUEYG2vy9oW1msfUuepKWsrr2wttxPTqdSoO+NhSuc4So475l99Jdjjt2ge4iICIiAiIgIiICIiAiIgIiICIiAiIgIiICIiAni21UBZmCqNyWIAA+pJ7THrNWlS9TnA7AAEsx8KijdmP0G5nPeJ8a1GvtFWmIU1sfUs2erRt4XA9t+pH03Ss/UgNA2eZuZnvYabTVlrCQ3pOWQKni3XYGa6z3FWzPsCACVMjyxysKi91rG2+3e25wAz/AERB8lQ8IP8AWbvLHLFWkr6QCckuzOxey1z3stc7sx+p/QYEsUDyqgdpTuade91i0Uth3L11Muc19Pt1OpG2Pw1b01/tLMSw8c1/o14DBWbqwzdq0UdVlrfZVyd9iekeZBcnaI2FtU6svqBRSjkk06dP6JD1b9TZNjZ36nwc9IgWHg3D009KVooVVVVUD5VUYA/ym9EQEREBERAREQEREBERAREQEREBERAREQEREBNLinEVoQsQWbB6UBALY7kk7Ko8scADvMPGeN1aYHqZQwUuepula07epa3yrnb6k7AEznug0d/F3L2da6RyGw4KW67pPtNq/utMPlqHxZ6iSSSQy26rUcVub0mZaOko96Eg2An30aEEDpQ9m1BGW8YAAlp5H4QdNSaWVcUsyUsuB11fEhdRsrjJU/Ur1eZOaDQrUoAA2AGwwAB2CjwB9BNoKBA+z4zAAknAG5J7AD6z7K3zhxhakNfxZCs6qR1OGborpUfmsf2jsCAwyNoERxFjr9R6OM1kI9wPUMUAk00/Y2uDY3b2IFOcgy7019IA/wA/ufJkLypwpqay1hDW2MbLWHzO3fB/KoAUfwoJPQEREBERAREQEREBERAREQEREBERAREQEREBIDmfmarRoxLKvSOqx3yUpU5wWA3djj21j3N9gCRrc4c0JpKz0vglugsq9b9X9Xp6/wB5ce2PhX4m7BWgeAcu3aq1NTq06Sh6qNPnrTSk4JssY/0uoPlz2/XsGvwzgt3ErPW1SMtPX6lent3a0/LdrfDNj4avhQYH2PR9LplrGB38nyZ6ooVBgD/eZYCIiBr6/VpTW1j/AAqM7dyewUDyScAD6mUvglL6zVNa+61Ox+x1BHS5Xbda0xWD9S2cMkx868Ze7VVaKgjqDDPkeqR1AkeRWmXI8nA7iW/gXDk09KVoDhVAGSSxA8sTuSTkknuSTAkFXAxPsRAREQEREBERAREQEREBERAREQEREBERASoc5czihfRQWGywlESr236hvK0E/Cq/NadlGcZbdbfIc8BqOpbUFV62UKW6feVHZS30+0CkcocK69XnWEDVKp9BBtRXRsGOhHnfIYk9YP2bJ6ZVUFGAMCa3/wBenWrgD25K5UEqSOklT4yNtvE3ICIiAkfx/WvRprba6zY6qSqqMkntnpzkgZyQNyAcZOBJCeLqg4we0Dl3KfKf7TU+o1CuXsJKEsa7agGJNiOuCljtlsjx07dxOj8HpeulEsse1lGC9gUO306ukAZx9ps0UhBgdpkgIiICIiAiIgIiICIiB//Z', 'Ortodontia', NULL);
INSERT INTO public.produtos (id, categoria_id, nome, codigo_barras, stock_atual, stock_minimo, unidade_medida, descricao, imagem_url, categoria, data_validade) VALUES (2, NULL, 'Caixa Luvas (100 un)', '8437004422245', 12.960, 3.000, 'cx', NULL, 'https://www.ideiapack-online.pt/WebRoot/epagesUK/Shops/960329864/6890/7F2E/9744/6AE9/8F04/0A0C/05B9/6FF2/Nitrilo1_ml.png', 'Descartáveis', NULL);
INSERT INTO public.produtos (id, categoria_id, nome, codigo_barras, stock_atual, stock_minimo, unidade_medida, descricao, imagem_url, categoria, data_validade) VALUES (3, NULL, 'Aspirador Saliva (100 un)', NULL, 2.980, 3.000, 'cx', NULL, 'https://img.joomcdn.net/df91de3ad0ec5452cae82efa75ea2bdf115540ca_1024_1024.jpeg', 'Descartáveis', '2026-03-17');
INSERT INTO public.produtos (id, categoria_id, nome, codigo_barras, stock_atual, stock_minimo, unidade_medida, descricao, imagem_url, categoria, data_validade) VALUES (54, NULL, 'Caixa Linhas Irrigação (10 un)', NULL, 6.000, 2.000, 'cx', NULL, 'https://ae01.alicdn.com/kf/S02a6e6ab4ac9470e9f855cc1d98fd646l.jpg', 'Descartáveis', NULL);
INSERT INTO public.produtos (id, categoria_id, nome, codigo_barras, stock_atual, stock_minimo, unidade_medida, descricao, imagem_url, categoria, data_validade) VALUES (1, NULL, 'Manga Esterilizacao (200 mts)', NULL, 2.000, 500.000, 'cx', NULL, 'https://biologik.pt/wp-content/uploads/2021/03/11.00.022_manga.jpg', 'Esterilizacao', NULL);
INSERT INTO public.produtos (id, categoria_id, nome, codigo_barras, stock_atual, stock_minimo, unidade_medida, descricao, imagem_url, categoria, data_validade) VALUES (10, NULL, 'Caixa Agulhas (100 un)', NULL, 12.000, 2.000, 'cx', NULL, 'https://mipmed.com/image/cache/catalog/product/Bbraun/agulha%20descartavel%20para%20injecoes%20100%20sterican%20bbraun%202-600x315.png', 'Anestesia', NULL);
INSERT INTO public.produtos (id, categoria_id, nome, codigo_barras, stock_atual, stock_minimo, unidade_medida, descricao, imagem_url, categoria, data_validade) VALUES (60, NULL, 'Aspirador Cirúrgico', NULL, 8.000, 2.000, 'un', NULL, 'https://dentalvita.com/uploads/producto/importar_imaxes/222.jpg', 'Descartáveis', NULL);
INSERT INTO public.produtos (id, categoria_id, nome, codigo_barras, stock_atual, stock_minimo, unidade_medida, descricao, imagem_url, categoria, data_validade) VALUES (28, NULL, 'Broca Chama', NULL, 4.000, 2.000, 'un', NULL, 'https://crm.innerjoin.pt/douromed/images/produtos/67653/101353118.jpg', 'Endo_Restauro', NULL);
INSERT INTO public.produtos (id, categoria_id, nome, codigo_barras, stock_atual, stock_minimo, unidade_medida, descricao, imagem_url, categoria, data_validade) VALUES (30, NULL, 'Caixa Limas Reciproc (3 un)', NULL, 10.000, 3.000, 'cx', NULL, 'https://dentalproclin.fbitsstatic.net/img/p/lima-reciprocante-reciproc-blue-vdw-72881/261697.jpg?w=700&h=700&v=202512121037', 'Endo_Restauro', NULL);
INSERT INTO public.produtos (id, categoria_id, nome, codigo_barras, stock_atual, stock_minimo, unidade_medida, descricao, imagem_url, categoria, data_validade) VALUES (57, NULL, 'Kit Cirúrgico', NULL, 0.000, 1.000, 'kit', NULL, 'https://tkplususa.com/wp-content/uploads/2022/08/Basic-Exploration-Kit.jpg', 'Descartáveis', NULL);
INSERT INTO public.produtos (id, categoria_id, nome, codigo_barras, stock_atual, stock_minimo, unidade_medida, descricao, imagem_url, categoria, data_validade) VALUES (58, NULL, 'Kit Implantologia', NULL, 0.000, 1.000, 'kit', NULL, 'https://s.alicdn.com/@sc04/kf/A40954f2ba6bf40f795f730c30077aa73x/Dental-Implant-Sinus-Lift-Surgical-Instruments-Kit-Complete-Set-Electric-Stainless-Steel-Implant-Tools-CE-Certified-Class-I.jpg_300x300.jpg', 'Descartáveis', NULL);
INSERT INTO public.produtos (id, categoria_id, nome, codigo_barras, stock_atual, stock_minimo, unidade_medida, descricao, imagem_url, categoria, data_validade) VALUES (4, NULL, 'Babetes (500 un)', NULL, 1.996, 2.000, 'cx', NULL, 'https://www.henryschein.es/Products/baberos-dentales-plastificados-azul-900-3004_1200x1200.jpg', 'Descartáveis', NULL);
INSERT INTO public.produtos (id, categoria_id, nome, codigo_barras, stock_atual, stock_minimo, unidade_medida, descricao, imagem_url, categoria, data_validade) VALUES (56, NULL, 'Osso (1 un)', NULL, 14.000, 3.000, 'un', NULL, 'https://nuncifarma.com/wp-content/uploads/2023/03/4400-00-Caixa-organizadora-Devemed-para-o-sistema-de-fixacao-de-osso-e-membranas-Devemed-scaled.jpg', 'Descartáveis', NULL);
INSERT INTO public.produtos (id, categoria_id, nome, codigo_barras, stock_atual, stock_minimo, unidade_medida, descricao, imagem_url, categoria, data_validade) VALUES (5, NULL, 'Copos Plastico (3000 un)', NULL, 2.000, 1.000, 'cx', NULL, 'https://coposcartao.com/WebRoot/Store/Shops/960830066/6008/B6D5/880F/9C66/DDC0/25E6/6498/1728/mac080_ml.jpeg', 'Descartáveis', NULL);
INSERT INTO public.produtos (id, categoria_id, nome, codigo_barras, stock_atual, stock_minimo, unidade_medida, descricao, imagem_url, categoria, data_validade) VALUES (31, NULL, 'Caixa Limas Manuais (6 un)', NULL, 10.000, 3.000, 'cx', NULL, 'https://ae01.alicdn.com/kf/S58e41735ac754800869da999ef632760O.jpg', 'Endo_Restauro', NULL);
INSERT INTO public.produtos (id, categoria_id, nome, codigo_barras, stock_atual, stock_minimo, unidade_medida, descricao, imagem_url, categoria, data_validade) VALUES (66, NULL, 'Bisturi', NULL, 8.000, 2.000, 'un', NULL, 'https://img.freepik.com/psd-gratuitas/vista-do-bisturi-medico-ou-cirurgico_23-2150819367.jpg?semt=ais_related_payload_trends&w=740&q=80', 'Cirurgia', NULL);
INSERT INTO public.produtos (id, categoria_id, nome, codigo_barras, stock_atual, stock_minimo, unidade_medida, descricao, imagem_url, categoria, data_validade) VALUES (59, NULL, 'Soro', NULL, 13.000, 4.000, 'un', NULL, 'https://cdn.dentalspeed.com/produtos/550/soro-fisiologico-sorimax-500ml-farmax.jpg', 'Descartáveis', NULL);
INSERT INTO public.produtos (id, categoria_id, nome, codigo_barras, stock_atual, stock_minimo, unidade_medida, descricao, imagem_url, categoria, data_validade) VALUES (23, NULL, 'Bisnaga Ionoseal (4 ml)', NULL, 3.750, 2.000, 'un', NULL, 'https://cdn.dentalspeed.com/produtos/550/ionomero-de-vidro-ionoseal-2-2-5g-ds-vio5272a.jpg', 'Descartáveis', NULL);
INSERT INTO public.produtos (id, categoria_id, nome, codigo_barras, stock_atual, stock_minimo, unidade_medida, descricao, imagem_url, categoria, data_validade) VALUES (6, NULL, 'Garrafao Colotorio (10 lts)', NULL, 2.800, 1.000, 'un', NULL, 'https://cdn11.bigcommerce.com/s-l0a4wvwgef/images/stencil/1280x1280/products/2466/3270/colutorio_paroguard_5l__62736.1705485822.386.513__47462.1727264314.jpg?c=1', 'Descartáveis', NULL);
INSERT INTO public.produtos (id, categoria_id, nome, codigo_barras, stock_atual, stock_minimo, unidade_medida, descricao, imagem_url, categoria, data_validade) VALUES (35, NULL, 'Saco Borrachas Raio X (100 un)', NULL, 3.990, 2.000, 'cx', NULL, 'https://st2.depositphotos.com/1965665/6597/i/450/depositphotos_65973771-stock-photo-root-canal-treatment-rubber-separator.jpg', 'Descartáveis', NULL);
INSERT INTO public.produtos (id, categoria_id, nome, codigo_barras, stock_atual, stock_minimo, unidade_medida, descricao, imagem_url, categoria, data_validade) VALUES (36, NULL, 'Caixa Canulas Irrigação (100 un)', NULL, 8.990, 3.000, 'cx', NULL, 'https://dcdn-us.mitiendanube.com/stores/006/901/441/products/5ee31e88e84e74f4c25714372dad0c18-af8ba88464089342a617647016150120-480-0.webp', 'Descartáveis', NULL);
INSERT INTO public.produtos (id, categoria_id, nome, codigo_barras, stock_atual, stock_minimo, unidade_medida, descricao, imagem_url, categoria, data_validade) VALUES (33, NULL, 'Cavit (38 grs)', NULL, 3.974, 2.000, 'un', NULL, 'https://loja.minhomedica.pt/121444-medium_default/cimento-provisorio-cavit-w-28gr-3m-espe-r44130.jpg', 'Descartáveis', NULL);
INSERT INTO public.produtos (id, categoria_id, nome, codigo_barras, stock_atual, stock_minimo, unidade_medida, descricao, imagem_url, categoria, data_validade) VALUES (55, NULL, 'Implante (1 un)', NULL, 20.000, 5.000, 'un', NULL, 'data:image/jpeg;base64,/9j/4AAQSkZJRgABAQAAAQABAAD/2wCEAAkGBxASEhUQEBAQEBUSEBUVEBAPDQ8PEA8QFRIWFhUVFRUYHSggGBolHRUTITEhMSkrLi4uFyA3ODMsOCgtLisBCgoKDQ0NDg0NDisZHxkrKysrLSsrKysrKysrKysrKysrKysrKysrKysrKysrKysrKysrKysrKysrKysrKysrK//AABEIAOEA4QMBIgACEQEDEQH/xAAbAAEAAgMBAQAAAAAAAAAAAAAABAYBAwUCB//EAEYQAAIBAgMEBwQFCQUJAAAAAAABAgMRBBIhBTFBUQYTImFxgZEyQqHBFKOx0eIVFiNDUmNygoNikrLh8AdTVHOEosLS8f/EABUBAQEAAAAAAAAAAAAAAAAAAAAB/8QAFBEBAAAAAAAAAAAAAAAAAAAAAP/aAAwDAQACEQMRAD8A+4gAAAAAAAAAAAAAAAAAAAAAAAAAAAAAAAAAAAAAAAAAAAAAAAAAAAAAAAAAAAAAAAAAAAAAAAAAAAAAAAAAADDZpddAbZTSCkcahiXObffp4HTgwN9zJrUjIHsHjOaZ134ASTGZc0RL33s9JASgaaMuBuAAAAAAAAAAAAAAAAAAAAAAAAA1YiWhysVLJCbvq9F5v7jpYl6rz+RxtuztBLnK/wAGBo2dU1O3TkVvAS1O7RmBMUj2pEdM9KQG5miqtT0qhrnK4Hg3xZGbN8QPUXr5olENMmAAAAAAAAAAAAAAAAAAAAAAAAARsXw8/kcDbz9nz+RYMd7N+T/yK1tWrGWWzvx8E0BHw0rM7WHmV+lLU7GGkB0YyPVzRFnq4Gxs8tnm54lLUD2bXM1pnlSA303drxJ5z8NrJHQAAAADDZqlV5AbjGZcyNKfNmt1uQE3MuZh1FzIDqMxmAnddHmZ61EJXPaTAmJmSLTkSkwAAAAAAAANGNjenJf2XbxsVOvFPNberFzKTiHkqtPdfK/SwEWD1OvhJHGejt3nUwbA6cGe7mumbUuIHmpUsvmQI4tOW85+39rqm+ri7ytdr9lc3yOHgce8ybe8C9KorHlSIOGqXRJzAdLZ2rb5L7SeQtlLst85fYiaANNfExjvaXiaNr43qablxbtHxKLjMfNvM5NvxAussbF630W9v5I8Sxa93XvKRHFytvZ7o7VlHfzAuOe+pnMczBY1TW8mpgb13ux7jKKI6PQEuLPaI9Bm9AYi9SVSehEjvZKobgNgAAAAAAABSukMLVp99n6oupU+lNO1W/OC+F0By6z7V+dn6q/zOhgTmvdF/wBlfDT5HQwTA61M21qijCUnujFt+CV39hqpMj9IJP6NUtxhby3P4AfOK2Pm6jq8ZO8uUu59xJjZO8dz7UfB8PJ3XkQJw3k2hHsfwy+Elf7U/UIuGz6l4omTmcfZlTsIn4ipZR7182FWbZa/Rx77v4slkfZ8bUofwL4q5zdtdIIUNEusllu0pJJLx11A89KKEpxhGCu8z0ulw7yu/kaXWxpVVU7ado04WslvbqO6t3b9Se6rxUJVqTzTy6UJSWncmT9jYaoqLhUzNNNOF3GST35WtYvlr94HN2xsSo4fost4rs7l/K+V7aMqdKqneMk4yTakmrOMlvTXA27b2/jNlYmEJuWLwlb2JTeapTXLNxa4xe/uZyNqY6lLESqUJTcHlbhP2oqSvo/ejyfLTgBYtmYlwklwfoWyjO6KJs+opdnmrwf9pa289xaNjYnNFAdm5lM1xZ7QEigb0R6WhtjID1EmUlovAhwRLpyugPYAAAAAAABX+llLSE+9xfnqvsZYCDtrD56M0t6WaPjHX7wKW1ou5tfP5sl4OZFesX5P5fMxh6lmBYaMzZjaeejVX7qX3nPw9U7Wzo5ozXONvVMD5ROOrJtKHYl4J/FfezRXhaTXK69GTqNPsT/gCJOz63ZRIxOKdpTs2qcHKWXVqMVrYgbKoyqU5yUZxUYTyylBxvOMW1a/edPYGHhONenF6unKCqzlOdNSmrOM9edv/u8qXtLaNfE0JdVF0oQoVHNRqZqj7H6N6JO2j0+4i9GG8RQlSxFCcYKLi5S7NaDtbMtNHx5/YSeh+z8qnNV5TqtyjGM9OpcGlKk4rSyvDVb04yW9M4WzenEqU6tOrRcHRxPVzpcYxcrWi+SlbL3SfCMQLZsZYWjHqozirTUVLMnaT9ntLTXh4NcGcbbHSitSxFbDyUaVWjFVKUm26VenxcuUWt/Kztd6nG2/sKdGvWnQlfDYykq1Ne7Gd1KcVyi7X8JWO3iaEcRhKderrVw+ajUm7ZpR3Jy5t3i/GTIOL0v2a8QqePw8XkxEHHEUZauniIdy966kn3xvxOTg9mRqQdSOkqcFbvg3ufcpW/vMunRqLqUK9FK2aCq00+FRaSS84x9Wcjo/gnGu6E9FXp1Eu5STcbeDSA5ODw1RUViYrsKplbX6uejV+Sf2+R19i41KduDd13dx2OiuDVN4rAzs+sgqsYvjGcXGX/cip4JK+aL06xxXPmUfQaNS5Ij3kDApZUTYgb4yNsTVBGxAbIyN8JcfUis2QkBOB4pO6PYAAAAAAAAFKx+G6utOnwesf4JfdqvI5d7O3LQt/SbBuUFViryp3btxpv2vTf6lSx63TW6S+KAmYeqWrYi/R35y+CSKXgJ3kl3P7C87KjajC/GN/XX5gfPukGAnTq1pZHlTnNPcnFXkTq+FjTpYidNOt1MZqdOFnOUcju4cG1rddz7k/fSPbVTD06c6saV01TdKdaPWYhSWWTUHvT5X3MpFXaVatGeFoxqUY1UpqSm1Ohic2sVLjTlZrwkn7oF5wcXHCV60oQxFKWHjLqKbUuuodXpNPfmcU35W3pHO6C9JqFdQwdSC/TQnFzaUZVEorq3O3vOKqRb/AGqLa9ohdAKtehjPo9Wd49Uo5Pdy1XKcWl3VFUX9UxtbZn0bH0VQhlXWThFW7LkofSKbXelSmv5mBzVgsVs7ERi60pJYl5JNt9ZlhOVPMt15U3UT71BcEWTpzs+lmjioQTdenGTaXtSglvffGy8jodPNjda41le0OrnNLlSqxlL1jdHfez6c6cKErPq9PJRaIOJTwU6mApxftUZ21/Yb3ekl/dJXR/Z+WjOlLVTpRbv+2s0ZfFL0JGzdo01ko3Tk401Kz97KrnKx3SOEcTKjT92ThL+N1JN/aB1sJhlQq01uvCsn33nTkvtZxukU40cdhJLRdTVlLyypf4iqf7TNvqpilRpyUo0WtV+1KCb+REq7JxdeVKpSprI6UUn1tO9mnLM1e6TVvVFFy6VY2NCpLFKSU57NVOlFPVznUdpeV0UnZ82rLgmn8vmStobBrVJqbqUouFCCVJ1IqUW8TKjleujUk9fI1w2NWVotRUn7rnFNX6vKnrvfWQ07/QL3supeC8Dr04lC2fgp2916R3Si75t1iTPCVHG8IqSl7MlJWbul9rQF4RlM+b5cryyabW9Lg+X2EjrEB9BzHqmz531hIp0W9ZKy5cWB9Kw67PjqbT5tKHI10IO4H00HzzQAfQwABgxc9GLAeZP/AEyrxwFGq6lODtGSvSu9ITWt0v2Xy8fKwY72cq97f4EKnTUO1bd9wFP2fgqvX9Q4SUnpJ20jG+sr8rX1PoaSSst1rLwOFGo1PrHv4965HdQFf6QbCw2IcatWjCpOnFxi5rVRk036NJrlqVDHUoUc8dP0dSPjlqRlKOv8rLdtPbcIdarJyhfJHS05Lcny1KP0ow+Jq0p4us6dOVepRp0qNJ3UadJzeeUt13eWivo1qB3MJhYU8Xh8TJpQq4KrO8n70K2GnD/HP1Op0o2hh4UY46TTVHEU22t+5xsu9qdj5/0j2jHEUMNQgqjeHg4ZoX7Unk4r+A7GA6O7Rr4bqZU6dGCqKSjiZSjUq9nV2SllS03q7A61LphCvg8VUtrHDzUIPTNOUJZY+bSRX+jfTGtGcq2I5SeW++T7vNnc2X/s47LjiMVOzs1DDJQjGSe9yknn9Ed/Z3QnAUtXR66VrZsRJ1d/KL7Kffa4HyrYeLrUqqk5TqzzNqME5Sbtv0vouZ0MJsHGzryq0sPUlKpNzc53hTjKTzNuU7LR8Fc+wYPBUqSy0aVOkuVOEYJ+iNlR21fAD450g6GYpWnUlTjnneUm05ueV8I3VtN9xia2NhSo0o4a3VwjBSgqOJdSjly2dNRbjGd4t5r3eXLl3Fk6eV8ROEVF5IdZol7T7L1b+RC2TsjFuMJfSEuzTyvq4dZlvGT1eslB9XvdteFgOZThjJRzdRJ03GUJ0+qp05uEKnWzjF5cytJtppdlt24o2v6bVlOvltmqTqO8qSyuE6alpN37LhTXl4ncr7KxTTTxKd4zfaowhCV59W05d68Vay3anmn0erQvSjiI5ZvVPDU4053q283xS4bkBzuoxdNQpuELxklFSnh3meZLKnfXWNnZ38LkDG7VqqeSpCMdItJxp1ZPMlJSbSs7xcNLLRJNb72VbPxKkpfSW28va6qM8rnd3bfspa5nwTjvVklLZU7Z5SzOyUlCis6cVGGVK6zW3crR8gK7TjWqPM4PgrtKCskkrLTckiXTwMn7Uku6OvxO/LZLVu2leKesbRu5qKjmvv1NVTZ7SnLNJ5Ip6UnlldX0d9bceQEGhQjHcteb1ZvzEv8AJetlVhpdO6tZqMpc3y+PkY/Juus2r5UlKnZ6yktVm09l253QEawZLWAk9zemW94NOOaDl2lfsvS3mbauyJLdO7vonFL38re/drfw32A5mYydH8mU/wDiYekf/YAXUAAADEmBHqK7PEoG1IWAivDp8CZSjou5W9DzY2R3AVvFdGqNSblJzWaTbs+bNOP6JYerkUlLLTvkgqklFX9ptcW7allSMyigK9hejOHp7qUFZadhWOrThNW7Tty4WJso3S8Bk08wIzc73zeVtD1KUr3vbw3G6ENGYjT4Aa5yle938jzO73u6fDh6G6MNbGFHWwHH21sZV4xjnULSzXyZuDVrXXMhQ6LJJJVVb/k/iLLltoMttAK2ujP736r8RldGV/vfqvxFicTKQFd/Na/676n8R7XRf999T+IsUUerAVmfRK/6+39D8Rq/Mt71ibf9P+MtqMoCs0+iVt9dP+jb/wAj1Lopf9f9T+IsoArX5qfv/qfxGV0V/ffVfiLIAK7+bH776r8QLEAAAAHmZ6PMgPFgkerADFjJmwA12B7aMoDyjMmZFgDHeGhIAlxMW1MsIDEo6mJLXyPSCA8TRixssYSAxFHoIyAAMgAAAAAAAAAAAMMyAMAyAMAyAMAyAMWFjIAwDIAwDIAwDIAwDIAwDIAAAAAAAAAAAACr0Hiff+k71aynu4/5G2cq/BYnzVR+AFjBWlOvvccT4LrO/j6f60OjsZ1Lzz9ZbsZOtvf3s1r+QHUAAAAAAAAAAAAAAAAAAAAAAAAAAAAAAAAAAAAAAAAAAAAAAAAAAAAAAAAAAAAAAAAAAAAAAAAAAH//2Q==', 'Cirurgia', NULL);
INSERT INTO public.produtos (id, categoria_id, nome, codigo_barras, stock_atual, stock_minimo, unidade_medida, descricao, imagem_url, categoria, data_validade) VALUES (34, NULL, 'Caixas de Dique (36 un)', NULL, 6.972, 2.000, 'cx', NULL, 'https://static.wixstatic.com/media/bd39cb_810ae922b204457181d1402415c3cd34~mv2.jpg/v1/fit/w_500,h_500,q_90/file.jpg', 'Descartáveis', NULL);
INSERT INTO public.produtos (id, categoria_id, nome, codigo_barras, stock_atual, stock_minimo, unidade_medida, descricao, imagem_url, categoria, data_validade) VALUES (32, NULL, 'Hipoclorito (250 ml)', NULL, 4.996, 2.000, 'un', NULL, 'https://www.nooldental.com/cdn/shop/files/dentaflux-hipoclorito-sodico-250ml.jpg?v=1702380194', 'Descartáveis', NULL);
INSERT INTO public.produtos (id, categoria_id, nome, codigo_barras, stock_atual, stock_minimo, unidade_medida, descricao, imagem_url, categoria, data_validade) VALUES (9, NULL, 'Caixa Anestubos (50 un)', NULL, 7.000, 2.000, 'cx', NULL, 'https://d3tfk74ciyjzum.cloudfront.net/proclinic-pt/products/4000047.jpg', 'Ortodontia', NULL);
INSERT INTO public.produtos (id, categoria_id, nome, codigo_barras, stock_atual, stock_minimo, unidade_medida, descricao, imagem_url, categoria, data_validade) VALUES (50, NULL, 'Arco 19,75 Aco', NULL, 8.000, 2.000, 'un', NULL, 'data:image/jpeg;base64,/9j/4AAQSkZJRgABAQAAAQABAAD/2wCEAAkGBxAQERISEhIWFRUVFhIVFRcSEBUWFRIWFRcXFxYWExUYHSgiGh0mHRkXIz0jJSkrLi4uFyAzRDUtNyouLisBCgoKBQUFDgUFDisZExkrKysrKysrKysrKysrKysrKysrKysrKysrKysrKysrKysrKysrKysrKysrKysrKysrK//AABEIAN4A4wMBIgACEQEDEQH/xAAbAAEAAgMBAQAAAAAAAAAAAAAABQYDBAcCAf/EADwQAAICAQIFAgQDBAkEAwAAAAECAAMRBCEFBhIxQRMiMkJRYSNScRRDYoEzU2NygpGh4fEkscHRBxVz/8QAFAEBAAAAAAAAAAAAAAAAAAAAAP/EABQRAQAAAAAAAAAAAAAAAAAAAAD/2gAMAwEAAhEDEQA/AO4xEQEREBERAREQERMGt1S1IXO+OwGMsfAGf+B37QI7mLjdOmRg7AEqfOAoOQCx77kEAAEkg4BwcVfgvP8ApkrqqZx7VVOu1baw/SMZ6ulh2x8RE0+FaR+K6k32e6itmFYIPRdb2e7pPdB8Kg+AAd+vqul/AK3XpOGH0YBlP+E7QMuj47RYqt1dIbsWKlCT2AtUlCfsGzJIGUHV8kCpjZpms07/AF07exvtZWdmH27TTp1/EtGfdULkGPdpPw3/AMembKMT56Av6+QHS4lV4Hzrp9R7c+/ynT0WqfOaWJJ/wF//AHZdPqEsGUYHGxwdwfoR4P2MDLERAREQEREBERAREQEREBERAREQEREBERAREQE53zZxF9feuioJwd7WH7uo4yfp1OCMfwsPDnE7zzx5dLSVA6mbChB3ct2r/nuT/CCNiyzDyPwBqKzZcS11hL2ucZZzk42AGBk9sDJOwGIE9wbh6aepURQoAAAHgDsP95vxEBMF+kR+6iZ4gVjjfKFGoHvRX+hIw4/RxuJXbOHcQ0ZzVab1HavUuRao/LXqQQcfZtvsZ0meLKwwwRmBTOE89oXFWoVqrfyXAIx/uWDFb5P9zt5lv02rSzPSdxjIIIZc9upTuJFcX5cqvQqyK6n5XGR/L6H7jeVGzgmr0eP2ZyyLnpovZsIPI094w9f6ZxA6VEpfB+dlZxVcrV2bD07ulLD/APm+yWj9Ok/Yyc1nG09iUsptc4CnugGOprEJDAD+XcDuRAmInwGfYCIiAiIgIiICIiAiIgIiICIiAmtxDVrShc4+2TgE4zufAABJPgAnxNgmc75s1z67ULoqiQrANcw+Sj6f3nONvy9HhmgeOXtM3EtWdY+9SFloyMdR7PcR98ADPYKo7oJ0atAoAE1OFaFaK1RQAAAAB4AGAJuwERPFNquoZSCD2I7GB7iIgIiICeXrDDBGZ6iBAcb5Zp1ClWRWH5WHb7qe4P6Sk6zgut0Th6HexUBAVmHr1qdytVjAh02H4bgrsNgQGHVZivoVxhhmBUOXefKrQRqCKyuAz9JRUJ2xehJNJyMZJKHwxO0uYOZTuYuTkuItUslq/BbWcWLnbB/OuNiD3G20rOg41rOFMEuC+lkBTuNPYfoDj/pXP0P4ZPhB7iHWIkbwfjVOqDdBIdNrK3HTZWfHUvkHwwyp7gkSSgIiICIiAiIgIiICIiAiJGavjVdbMhBDjPSGHSr7ZJDflAyS3gA/SBGc7cdXTUkAdTHChfNjt8FQHnPcgfKD5ZZi5I4E1CNZaeq61jZax8ufA+wyf5k+CJAcs6duJan9sck1IWGn6gR1n95eVJOCSMAfKFVfkE6RWgAAHiB6iJBc1cwJo6yxOO2SBlh1bKla/NYx2Udu5Ow3D7x7majSKSzqOkhSWbADEZFagAs9mN+hQTjBOARmt8I51rrC1t1IpJ6X1WmfT17ksM2hnCDG2WA8Ry1y9bfZ+16pcWYIqrySukrJz0rnvac5azuSTLZfwStlK98jBDYIOe4IPeBs6PXrZ7cFHAyUfHVjb3DBIZd/iUkeO825QreG36E4pU2Ug59AuQajn4tHYT+Ge/sPtPbbJlg4LzDXcuevKghC5HSyOf3eor71v23+E7YxkCBOxEQEREBERATQ4jwuu5SCBuCCCAQwPhge4m/EDlvFeWL9IyvperpTPp1rYFtoBzn9jtbbpO34Nmaz+uMTvKvPCXfh6nCMCE9Qqa169gK9RW2+ntJ2Cts3ysewt2r0y2KQZSuZeVQ56/gswVFqqGLKdvTvQ7XV426WgXyJzLgXNGp0Lrp9UjOp+HDFyRnc6V2ObFHc0t+IvYdWyjo2i1ld6LZU4dGGQynIP+/28QM8REBERAREQEREBOc816ttbeNFQSFsHVcyk+zT5B/zsIG2/tA8OZZOceMrp6XyCwAHUo72Ftq6F/isbbbsoY7bTW5K4I1Stdd7r7m9S1v4j2UfwqNgP1gT3CtClFaoqhQAAAOwA7CbsTU4lrloQuxHYkAsFGwySzHsoAJJ8AEwNbj3Ga9LWzu4XCliWyVrUbdbAbkZwABuxIA77U/lzhVutuXV6gMoBJ09TnLVhu912NmucAfZBhRsJh4fp7OLXrfZn9mRg1SsvT+0uuR67r/Vr8inweo7kzounpCDA/5geqqwoAE9xEDxdUHGCMiVTjfLzq/r6dvTtAx1gdQdf6u5Ozoe31GcjBxLdPhECo8u8w+/9nsT07FGTSSWPT5fSt+9r89HxJ9x0iW2uwMAykEHcEdjK7zHy3XqFyMhlPUjISr1N4athuDI3gnHrq7Rp9TgXMT0OAFq1o/gzgJfjuuwb7Z9oXaJjouV1DKcg/yII7gg7gg7EHcTJAREQEREBPjKDsZ9iBXuO8uVXoyFAynup238FSN1I+o3lGV9Xwm02Bi1TH3O+elzsAusVRs2MD9pUZ2UMG2x1qamt0CWgggZwR27g9wfqIGrwDj1OsQms4den1K2x11lhkZxsynfDLlTjYmSs5Pxvl6/QWC/SF1CZPRWOpqx3b0VO1lZ3JqP6jBwRduUeaa9dUSxVbawptVWyhDD22VMcZQ4PfBBBBwRAsUTxTcrqGRgynsVIIP6ET5AyREQEwazUemucZYkKq/mY9h9vufABPiZ5QuauJPqrV0lDYa5Tlh+40ucWW/37fhX+HfbMDFwqg8R1frE9VGndvSONrtR8NupH8Kj8NfpjOZf9kX7KM7Ant9huZp8F4cmnqStFCqqqqgfKqjCj/KbWptVFLMekAbk+IGunFaWoXUI4etgpQ1+71OrZQn1JJA/WUK9n4xqGUH/AKVD02lTtqXQ76esjvSp+Jh/SMMfCoAxamt9VqL9Lp+qtGfOqZCQKi491VPgX2jd2HwA4+JmJv8AwbhlenrVEUKFUKqqNlUDZRAz6HSLUoAHgdv+w+gmzEQEREBERASE5h4DVqa2VlznfY4II7Mrd1YHcESbiBzzh3GNTpLlo1DdTsemm5vamuAGBTd4TUgDZ+zgAfTFsq46lrKtKl26gLAfb6H5hbn4X/h7nbxkj5zDwOrV1OlihlYYYHz9wRuCPB8Sj6Limo4fetWoBuJwtVmwbVovaqw7BdQgx0sT+IPaTkq0DqETBodZXfWttTBkcZUjO/6g7gjtg7gjEzwEREBERAREQMOq04sXB7+D9DOYcG5d012ucBEsTpuudXXKAXug0owDhgUrus6T2Fi7S586cYTT0MGBYEDrVc9TqT0rUuB8VjEIPsXPyz5yZwh6Kme4hr7WNt7DYNY3cKPyqAqAfRR9YE1pdKK0VFAVVAAVFCqB9FUbARNmICImDW6kVIWxk7BVHdmOyrnxk+TsO52ECE5x44mlpYtkgAFwvxP1EhKk/idgRsNlVzttNTkngllavfqMHUXMHuIGACBha0BzhUXCgZ+sheE1NxPWeuT1afTuwqIz06i/4bNRjO6rjpXvgDv3nRK0CgAeIHp2ABJOABkk7AAeTKBzHxqzV2rptKSH2cvgEaas/DfYvm1t/TTx8Z+XG1zbzDYbE02mCu9gJQH4SoOHvu/sEO2O9j4Ue0HqleVuX101e5LuzF7Hf47rG+Kxz9T9OwGAO0DY5c4HVpKlRFwF7ZOSSdyzE7lidyT3JkzEQEREBERAREQEREBITmbgFWrqat1yGG4Hf7Mp8MPB/wCJNxA5dy/xnUcO1DUaj3Kep2bB/HRe+orB7WqP6RB8QHWN1bq6fVYrKGUgqwBBByCDuCD5ErnNvLq6mvIJR1IdHUe6p1+F1/8AI8j+UrvJPMDaZzpNQBWOsKRn20WufZ6f009pyV39jno7FBA6PERAREQExam9a0Z2OFUEnbJ2+g8n7TLKfzrxll6aKTm1nWuvyPXZepWYflqT8U/f0x5xA0NFU2v15d/6PSufOVfUlcEfQihD0D+0ew4l9RQAAPEi+WuEJpKEqQbKO57sSSWZvuzEsfuxktAREQE55zfxR9XcmjobDWA5YfudPkrbeP4n+Bftk594m7znrE0rtd1uCUAsRXJW4HK1VdPh2bOCu4UWHvgzX5Z4bdpam1VyepfayveAN0TG1dKjOQmwCZPkDOFBC3cE4amnqStFwFUAD6Adv1P/AJzILnDmFUT0agbLHb0lRDg3uMdVYb5a1zl3Hwj2j3H2++YObqa6g1TFw3SOqoZZmf4KaB81zfT5B7jjYNq8p8vN1HU6gL6rL09KHNenrzkUUfbO7N87b/SBtcpcvGkNba3qXWFWtfpwGIGFStflrQbKvgb9zLVPijGwn2AiIgIiICIiAiIgIiICIiAMpXO/LRtHrVKptVXUBvgurb+k09ufkf8A0OCMHeXWeXQEEHsYFQ5C5k9dRp7C3WoPptZgOypgPVb/AG1ZIDfmBVx3OLjOac78DbT2ftdLFAGVrSi5KlNq9Qg/MmSGHzVs4x5Fw5T4+NbT1EBbqyEvRTkI+AQUPlGBDKfKsPOYE3ERA1OJ6v0qywALH2oCcBnPYE+B5J8AE+JTeTNIdVe+uYkphqtOW+arq6rNRjw11mT9kVBsNp45u1Ta29NHUTiwOHIHwadWC3vnwbG/BX7eodwQZd+HaVaq1RQAAAAAMAADAA+wG0DZiIgIiIFR13LRu1yXuzFEJdayB0iwgD1CRuxAAABHt8HxJXmTWDS6ZnA9qDLMF6jWoBJZaxu52AC/UjOBkyZmLUacOMH/AEgUTlPgL3WDVXoKyOr0KRgjTJYSzsx+a+wks7/U4l+RQBgdp8pqCDA7T3AREQEREBERAREQEREBERAREQEREDDq9OLFIP8A2nJ77G4Nr0YZ9I+0DOzactm2o57mon1F89JZfIE69Ocf/LNK3CtAM+mLbLSDjpL1PXRWD+eyxlAXz0mB0ZSCMjsZDc18XTS0MzP0Dpdmcd660wbHH1bdVHf3WJ4zNThV+srWpbbNMURVDkJcrBVX3HJYjO36Su6gniev9LB9Kk1W3AgjLjLabTn7oCbmH5mUeIEryDwlwjaq9Al1/SzIO1CKOmmhPsiY/mWlynipOkYnuAiIgIiICIiAiIgIiICIiAiIgIiICIiAiIgIiICIlM5r5tVB6VIdnc9Na1HFmpbfK1Nj8OsfNedgAenJ3UJDmfmqnSI+X6SNiwTr95+GqpP3lp/KNlGC2AR1Vvlzg2p1dyanVgoEPVTQzljW2MG/UN89+NgcAINgBsBtct8r2WWDVash7gMIFH4WlU5/D04Pnvmw7t/qblqLF09RIXOMBVHd2OyqPuSQPpvArnO/FhRUK0UMxNahP662wkUUfoSpdu/srYEYbM1eS9DqdG4qfovSxnse4ey1LXBZzaGP4ilhgMu4BUEYG2vy9oW1msfUuepKWsrr2wttxPTqdSoO+NhSuc4So475l99Jdjjt2ge4iICIiAiIgIiICIiAiIgIiICIiAiIgIiICIiAni21UBZmCqNyWIAA+pJ7THrNWlS9TnA7AAEsx8KijdmP0G5nPeJ8a1GvtFWmIU1sfUs2erRt4XA9t+pH03Ss/UgNA2eZuZnvYabTVlrCQ3pOWQKni3XYGa6z3FWzPsCACVMjyxysKi91rG2+3e25wAz/AERB8lQ8IP8AWbvLHLFWkr6QCckuzOxey1z3stc7sx+p/QYEsUDyqgdpTuade91i0Uth3L11Muc19Pt1OpG2Pw1b01/tLMSw8c1/o14DBWbqwzdq0UdVlrfZVyd9iekeZBcnaI2FtU6svqBRSjkk06dP6JD1b9TZNjZ36nwc9IgWHg3D009KVooVVVVUD5VUYA/ym9EQEREBERAREQEREBERAREQEREBERAREQEREBNLinEVoQsQWbB6UBALY7kk7Ko8scADvMPGeN1aYHqZQwUuepula07epa3yrnb6k7AEznug0d/F3L2da6RyGw4KW67pPtNq/utMPlqHxZ6iSSSQy26rUcVub0mZaOko96Eg2An30aEEDpQ9m1BGW8YAAlp5H4QdNSaWVcUsyUsuB11fEhdRsrjJU/Ur1eZOaDQrUoAA2AGwwAB2CjwB9BNoKBA+z4zAAknAG5J7AD6z7K3zhxhakNfxZCs6qR1OGborpUfmsf2jsCAwyNoERxFjr9R6OM1kI9wPUMUAk00/Y2uDY3b2IFOcgy7019IA/wA/ufJkLypwpqay1hDW2MbLWHzO3fB/KoAUfwoJPQEREBERAREQEREBERAREQEREBERAREQEREBIDmfmarRoxLKvSOqx3yUpU5wWA3djj21j3N9gCRrc4c0JpKz0vglugsq9b9X9Xp6/wB5ce2PhX4m7BWgeAcu3aq1NTq06Sh6qNPnrTSk4JssY/0uoPlz2/XsGvwzgt3ErPW1SMtPX6lent3a0/LdrfDNj4avhQYH2PR9LplrGB38nyZ6ooVBgD/eZYCIiBr6/VpTW1j/AAqM7dyewUDyScAD6mUvglL6zVNa+61Ox+x1BHS5Xbda0xWD9S2cMkx868Ze7VVaKgjqDDPkeqR1AkeRWmXI8nA7iW/gXDk09KVoDhVAGSSxA8sTuSTkknuSTAkFXAxPsRAREQEREBERAREQEREBERAREQEREBERASoc5czihfRQWGywlESr236hvK0E/Cq/NadlGcZbdbfIc8BqOpbUFV62UKW6feVHZS30+0CkcocK69XnWEDVKp9BBtRXRsGOhHnfIYk9YP2bJ6ZVUFGAMCa3/wBenWrgD25K5UEqSOklT4yNtvE3ICIiAkfx/WvRprba6zY6qSqqMkntnpzkgZyQNyAcZOBJCeLqg4we0Dl3KfKf7TU+o1CuXsJKEsa7agGJNiOuCljtlsjx07dxOj8HpeulEsse1lGC9gUO306ukAZx9ps0UhBgdpkgIiICIiAiIgIiICIiB//Z', 'Ortodontia', NULL);
INSERT INTO public.produtos (id, categoria_id, nome, codigo_barras, stock_atual, stock_minimo, unidade_medida, descricao, imagem_url, categoria, data_validade) VALUES (40, NULL, 'Kit Brackets TP (1 un)', NULL, 15.000, 4.000, 'kit', NULL, 'https://msdental.pt/wp-content/uploads/2022/09/Brackets-New-1200x1200.jpg', 'Ortodontia', NULL);
INSERT INTO public.produtos (id, categoria_id, nome, codigo_barras, stock_atual, stock_minimo, unidade_medida, descricao, imagem_url, categoria, data_validade) VALUES (44, NULL, 'Caixa de Elásticos (1000 un)', NULL, 15.000, 3.000, 'cx', NULL, 'https://bionexum.pt/wp-content/uploads/2022/12/elasticos-intraorais-1-8-x-35oz-5000-uni-600x900.jpg', 'Ortodontia', NULL);
INSERT INTO public.produtos (id, categoria_id, nome, codigo_barras, stock_atual, stock_minimo, unidade_medida, descricao, imagem_url, categoria, data_validade) VALUES (45, NULL, 'Caixa Elásticos Tração (100 un)', NULL, 10.000, 2.000, 'cx', NULL, 'https://bionexum.pt/wp-content/uploads/2022/12/elasticos-intraorais-1-8-x-35oz-5000-uni-600x900.jpg', 'Ortodontia', NULL);
INSERT INTO public.produtos (id, categoria_id, nome, codigo_barras, stock_atual, stock_minimo, unidade_medida, descricao, imagem_url, categoria, data_validade) VALUES (27, NULL, 'Broca Polimento', NULL, 4.000, 2.000, 'un', NULL, 'https://img.joomcdn.net/423b4439686b2dab4ce5c1fca11e4e287a6fd9a5_1024_1024.jpeg', 'Endo_Restauro', NULL);
INSERT INTO public.produtos (id, categoria_id, nome, codigo_barras, stock_atual, stock_minimo, unidade_medida, descricao, imagem_url, categoria, data_validade) VALUES (46, NULL, 'Elásticos Cores Brackets', NULL, 18.000, 5.000, 'un', NULL, 'https://i.ebayimg.com/images/g/z1kAAOSwch5lqoIR/s-l1200.webp', 'Ortodontia', NULL);
INSERT INTO public.produtos (id, categoria_id, nome, codigo_barras, stock_atual, stock_minimo, unidade_medida, descricao, imagem_url, categoria, data_validade) VALUES (47, NULL, 'Elásticos Tracao Mandibular', NULL, 13.000, 3.000, 'un', NULL, 'data:image/jpeg;base64,/9j/4AAQSkZJRgABAQAAAQABAAD/2wCEAAkGBxMTEhUTEhIWFRUXGBUXGBgXFRgXFxUVFRUWFxgWFRcYHSggGBolHRcVITEhJSkrLi4uFx8zODMtNygtLisBCgoKDg0OGhAQGi0dHx0tLS0tLS0tLS0rLS0tLS0tLSstLS0tLS0tLS0tLS0tLS0tLS0tLS0tLS0tLS0tLS0tLf/AABEIAOEA4QMBIgACEQEDEQH/xAAcAAABBQEBAQAAAAAAAAAAAAAFAQIDBAYABwj/xABHEAACAQIEAwUECAMGBQIHAAABAhEAAwQSITEFQVETIjJhkQZCcYEHFCNSobHB8JLR4RUzU2JyshZUgqLxc9IINDVDY4OT/8QAGQEAAwEBAQAAAAAAAAAAAAAAAQIDAAQF/8QALBEAAgICAgEDAwMEAwAAAAAAAAECEQMhEjFBBFFhcYGhEyKR0eHw8TKxwf/aAAwDAQACEQMRAD8A8PAohhOCYm6fs8Pdf/TbY/pX1Jwr2SwOGymxhLKn7xTOwPUO8kfKjoY1mY+YuG/RbxS9B+rdmDzusqR8VJn8K0+A+gvEE/a4u0v+hWY+pgV7q9QNfQGCwnpIn0qcp0MotnmGA+hHCL/e4m9dg7KFtg+XvGt3geFWcLaFnD21toOQ5nqzHVj5mrjcQtjr8wwHMbxHKqf1lrjKqiJO+5jc6fCYImpSnei0cUu2gvw613ZPOpLgqXaonroqlRER3CgloAAkk7AUNvYt2WUClddU75YaQQo2HzomBIihmI4cB3jcQTzdVB/jQqRypWJO/A0YtgR3m2BKkCfQAxpG561Zt8ROgdRrsRt+ev8A0moLFpoiQyjYLdDgiBpFwE8uvOq13cBlynYaG2SOkMcp1Owb5ViXJhyzfVvCQfzHxFSzQJbbHRdYGxGVoBmdRETA06U8vdSD3gJg6ggR1Y70bKcw2Y6VWxWCtXRluW0dejorD0YVTt8RJOpGUzsIOnkTJ3HKiVszRTGTTMrxH6OOF35LYRFPW2TbPopj8Kx/GPoQwgU3LeLu2VUMzZwtwBVBJM92NBXra0zEIGUqyhgQQQQCCDuCDoRRMfF7gSYMjkeoptfVWO+j7ht89/CWweqL2cfwED8KzHE/oOwbz2F+9ZP+aLi/CDlP4msY+fK6vXOJfQTil1sYmzcHRg1tv1H41kOLfR1xPDavhHYfet/ageZKEx86xjJV1OuIQYIIPQiDTaxjq6rfD+H3bzi3Zttcc7KilifkOVeseyH0LM2W5xB8g0PY2yCx8rj7L5gT8qxjyvhPCr2IcW8PZe6591FJjzMbfE1tsZ9EXELeFN8qjONTYVs1wLzaRoxHNQa+gOD8KsYW2LWHspaT7qiJ82O7H4yavB6xj4y+rP8Acb+E11fYvZ2/uL/CP5V1YxNbWaW6KlAgVFBNLJhQM4tiCYRQ0noDsImDz3GwNDf8jEK06AatGmpCgjfqBvyii3EsC7+FjtGTNlXeSTlEnloCKo4nBpYTNeaV27NBlDHWAADLE/5iedc007O3FNKKS7/JXIAWCTyygBUI6aDvQddI5GiHs/hCMz5YnQbz5nvR+Q2rPDH4lyFtqllSYUABmOvPlW4w9rKgBMkAAnaTzOnWmxJN37D+p5QjxdbFemRVh0oVjsMmICgXSuU9oCh12YAnykz5xV2zz266LorI+0fDb3atdNgYhG3E962AIyojAjzkbyZ5UVx184WzAYvdclbabk3GJIidconmToKjxPGb1rLaFtb15bXaXDORFA3gwdSQYHlSSaapnPmcZLi9fkx+Es2C8dldw9wCSwDIdIJywT5wsSdPjW89n7t17Cm+rBjMC4AHZJ7pcDQMREiqw9qbORHPaHNbW4wW2zG2riQXKjSioxluQudZIBAkSQdAY6VoJLpiengovUk/polt2woCqAANgNqAYn2oChrnYXDZVynaAoJZSVMITJEgia0ANede3OEGHt2LSuWUteuGYksxBJgaDdo+JrTk4q0N6vI8ePkvBssJfw+KUXLcNO/Ig9HHX40Qw1gKIE9dST6TsPKvMPYjBXHxKOkqiE525FYICnqSSDHlNeqJRxS5K2gelyvLHk1Q+KivNU4rMXMS5cnvgSSIHoJ26Daq1Z0N0HrVShhVHB9pEvAmIHPbmf0ip5oUGyZnps0wV21B6CUeMez+FxaxicPaueZWG+TiGHrWE4l9CeBuOHtXLtpJlrYIYMOiMwlfxr0unCtZgVwD2dw+Dt9nhrC215kau3mznvH1ooFp9JFazHAVEb6AkEgERM6aHY6+lRcStlrZAAbqh3YdAR71ClGbKFgturRpcUaGdPGBoRzFCxJTp0Gsy/5a6gWS10Ho9dWsHM0wcaSKeGFUFvmKeuI60rkmWplrSgvG+HG6EysAUYmSJGqkeHny5/yog2K8qR3kac6RpS0Ux8oy5IB8I9n8lwXLlw3Co7ojKoJETE7wT61pJqvhbeVYmTzNSEU8YqKo2bJLJK5M69JUgGJ6/jQxPsCCygCMiAXBCg6x3gN4nUk1fzUt62riCFPTMJE/CjVkJLyA+I4CzeuC92t2zcy5Q4MLHQBhlM+R1puP4FduXLhtX0Fu8qJckTcATQ9mRpqJ361M6ZIDWXUAsSbZLISREkaGNiBpv8atBLfZhgQSQIYkW3MgkSRBk6aUlJkXCMrtf+GafgV4XmVbbKTdRkvB4tpYSIXKDqYBWCOfStRj+EW7ubNmUsACVMHSNuh0UyPuiorb3QQpzAkgcmUd2ZkwTqCPEdvMVdm8OVtvgSp+QIP50YxSNjxximvcltoAAAIA0A6AVkvaj2WvYi495bizAFtCDBhdQWmFMzyjWtR9ZI8Vt1+Qb/aSaktX1bwsDG8HUfEcqaUVJUxsmOOSPGRX4VgxZs27YjuqAdIkxqY6k1Zp9coplopFJKkR4ons2AmYyiPPSap8M4Ytocix3MKPl3QKvO9dnrWGh3xpjRTb92qpY0yVgsuCnCorTzT6BhYiojiAHVeZmPlE/pUs1Sut2blmAytHfAhlOwRz93oeXpSS0jWR9jeW+XVi6NlzAx3RrOQSIO3LYURckTGp5SdD84NZrF2sScQ4u3ri4YqWD2iiC3l1K3DBb5g603hXF7FpPs7V8WWf++ckqzuYB7zZoJ5gAUilRKORJ09d9kC+0eIhroyOiswNoIVYZdwryczDfbXyonYvW76C9ZYhG1bTW3cHvxGh5EaCNaF8b4W9i+cRZGa1dIF1BqEYx9oF6efKnezSBMU9tWRkuoWKBlbKy6SQCYUg0qck6ZzwlPnxl/nygz2t779j1H8qSpf7Ftfdb+I11Us6uI/MBEkfsVHbxSsoZSCG8J2n4T8DQbiLZ7mUHaLakfecBrh0PJPxNNw6O7zbXwkAaaBfDmPwVW+OYVz3s9JYVxtsOwWMDerVtMoiZPM8vgK5AFED5nr/AEpCadKjmbsk7SkFyomaKH38YGBAaI6zrtB01Anlu3Ks50GONy6CNxwNSQIEn4daVWoFatlyIkjdy+msgw2uukd0aCNaNoa0Z2HJjUdWWA00Mx+ctD2u0USVKkjfNvG+kDlRZEygTuabftBhB2+YPyI1FWas55K0COFumcBe1QkE9m+wgAnzG48pIozFUxw8KZW5cU9c2f5EuCY+dSZb4527nya2fwzA/hQWgRuKpjbt9pZVKjKATmJ1mdNOUDxa/DSn5FuorMu4BE7iRyO4PwpAoc9+xBXYsEYfIgn9KtFqwUr7GWLeURJPxMn150269cz1SxOJy7g5eZ3y/Ebx5+sUHIooXpE9QWsRJyuIbcdHH+U9fLcfjUGNvRkAfJbM5n00iMqzsJk6+VMw57QsmbtEAUh9JD6yoIEEjQyOsGk5FFHWwgVmniyKqWbpByvv7rcrg/Ruoq2j00Zk5QoeiRSkU8a0hFUsSiNqTSDoCIgzqCDyIpXFMpgFS9w9WtvYaTZYQNdVB92TuAYg+tZfi+FurdSyLhvuqdooulbdpFQwDlEdo/xMCtqpqtxDhdm8B2ttbgG07qOgO4HlU5xvolkxc1rso+zXFLt4HtACMoZbgXKDJKshEnvAjrrRXD4O2hLJbRGbxFVCk/GKpY7AA2gloZcg7ighVOmgOnoeXXnVzh5udmvaxnjvQZHrAoR9mNCLVKW2vJLNLSV1NSL2AeGcOZjm2GUnMfvuZaBO4GUfs0YtWgi5V0A85J8yTuaez7TSORFSpR6KSySk9iVDfvhRJ6wBzJ5ADmaZfxQUaRmg5RO8fpQd8QX72acw2ByzqRCyO6snVtSeVTlKimPE3t9EuKxBJEyAfd0IG8hQNGbTWTlWKTCYY3NSAFBMEFpJiJU6SdD3zqZMVCsrBYEliMiDuliNtPcQdD5zvFEuF3Sc2Zsx55f7tY91TzO00i29lpftjosqgAgCANhVC9xPsroDqAk6NJmIBmIgjNIInSAedEuzzd3kdDGhg768qxvtlYe0VUvKtOUCRAWNxtOo1G9NJuKtA9NjjlycJeQra9sgzHNbOWYVgQTpuSu/pNanC3A6hgZBAIPIg6givPPZfhiXic5MgiF2kHnMTHLQ16AluABsBoANgBTYpSltm9dhxY58YKn5LNcBHOmq1NZqszhEd6iNJfuhQSxAAEknYAbkmsRxX24gkWEBH32mD5hRBj4n5VKU0uzowemyZnUEbC/i0QqHYKXOVAd2YAmB8gafXlltMRjb+ZTmuCDI7qoBt8B5bnXfWvS+HYZrdtVZy7DxO25J3gcl6CljPl4L+q9IvT8VyuXlexGy9l3lEp7y/c6so5jqPSrqMOW3LpFOiqNwdl3l8B8S/d6uvl1HzonN39SXGABCWBIGvd8U8iOh86r4DHZgJ5+FjAJI3UxoHHoarY+/nIVH7NwQbZJOW4IkyNiCJjUnSdKpWlzZ3S2wM/aoZykjUlI1keWu21a9lVBOOzT23qwGmhOGvnRX5+FiIkfdYcnA9d/KrqvFPGRzShROwpjLT1aa41VMRojFSA00ikpgHFaRnKgkKWIkgCJPkJgTUi011pWgmf8A7ZxP/I3P/wCifzrqM11LTF4v3ESWGtR4t8qEjUjqYHzJ2qwNABVPHEkECJiNdvnSTLQ7RnrmJB1YyW5nQMADEjdbebbmTUnZlTJGa43hTQeQe50UchynrTH7hI0e5MxPdHPtLmnd/TlvNLg8Cbs6koSDcubG6wjQfdT4VznpWkr6RPbw5diQxyt47k6sB7lvkqRzG9X8FxKzItI6TssHQxyB2JrMcTxDX7nZJ3bCHLppnI0Pll/AbnpS8Pti7dS0gOW2yvmHhGQmYHRtB579aClvQ0vTXC5Pxde3tf8AQ32H0DN02obxrhCYhQHJBElWG4nfTmNBVx8UiIS7KoJGrEAfj8KG3Eu3bg7xRFMgrGUjUcwcxII8hB02Js2mqPPx8oy5J1XkpcL4AbFwv2hMzoBEyQZOp6Vo7dzMPPnTb5ABJIAGpJ2Hzqlads2fVVGwI7z+ZnYdBv16UIPixskpZf3SewrTHcSBIkzA5mN4p1pgdRsao8XML8xA215ZWOzdPSrtkVG3RJjMOt221t5yuCDG/wAq8sHA7v1lsMB3wTBOgKT4/gQRtXoGDxuQwxzIRM7EH3jHKDuOR12Ol7iPBrWIAN1JI1DBmVgDyDIQY8qlKHM7/S+ql6RteH/371oz3svY7K49mymfLl7a6THfiQttYMgfHSTWtdajwOBSygS2oVRsB57k9T50+/eVFLOwVRuzEAD5milSOTLkeTJy/wBsBYC5et3WF2biMxJY91EXXLl0jkBlmZPOquL9qcnaFbBe1abLcfOAc2k5EOrRNF7jWMZZe2LiuhENlaY+Y2OgOtZHjfBuyu2gLua450e4FCqEHiKqAHbzNJK0tHV6eOPJJqap+2/HnX+fBqruEUQ4UMkGViSgYAkpzA2JXy0qK5iywbs9HTRWIEPzhATqp0/pvQPhOPFu+xXEs9lVPavcaU7QnTKx2+Ao1irSQLyZSmrKwgi2zRNxeRU8/u/M0U7JyxuMkpb9ipiMWzqHUHSe0taAiD3mgakzznSKJcPxYbQsGHutzaN1YcnHTnv5UORHc9qgy30GVgQcrg6yIMSY33q3b4ZDEqMqPq6yZRwO72Z2EH5UVYMnHjT0FlaKmVpqhhbpMpc8a8xs68mH6jkfWrK1SJySVOiekIpM000NVEISLS59KjL9N65JnWg2Eiz+Qrqm+QrqW2EaymNKjTDjnU4pDWlEyZXvYK2wYFAc0Zv80bAxuPKp1QRHKIpZqO5dCgkkADcnapNFFJvRmf8Ahm4V7PtgqCQTll3XcTrA009etXylrBWJVSdQOrOx0En9xTn4ibkpa0YoSrnQagZTEHeRvHPeCKzd9blsKtyyxdoDK1wub2u6AE5ebZiBER1qbqPR3Rc8upvV3WlZLxbGPcuIDbK3FDDI2VgQ3vpyZhB/YNFOE3LlvO1x7htnKEW5BcvrMBeR5Dy5Ugwa2yjPce4yA5FYr3SdCWYD5SZ8gTVuzcDZ3ucgVYssATpCqeR9TpvpWS3Ys5pxSS1/fwPwuJF1zmmV1VYlRoDObZm1HkJ060SbWs/wy2zNAGW34iASGJ28Wh31/wDFaW7hwY1YR0O/x606i5KyGTjGVFJMR2Rlj3Dz6E1fuWg4IIkEajkRVO7glcyTMeEHZep8z5+nOZsIHt91tV5EHb+laPJOmtEpOPcXsH42wwYBpZZ7saTrIWSQAwPPmD1pmExpXQtmVpMgNIMmYBGpHNTqDRy+EdSrCQdxQTiNhkzbZW2MhS3RCZkNzDD508lQ8JqS4sjuYm6GWHzH3TIC3Vicp+69Qe0ri7hs6qH7NgzW2E+GQ6Mp56k69K7DKoQi4CyNoYEagyWAGzCJMDzG1TnEZCSO+0KSQJF1NBm0HiAnug7Ur6KLUk0uvyZHE3Wy27+HcKU8I0GddJXIoA0J1Xykda13DsTZxthTcRW5MrCcrDQgfz6Ggt7gzW37bCfaWrkEoCAymd0zaEeR/QRe9m8Bcts5a1kW42YqzS2YCMwiQAehP8qSKdnX6ieOULi9rrw/lP6Ga4iMjujn7RLqmzYyfZOhMBtBHM676VsPZzhr2rbK5WXcvkXwIG1yLPz9av4/DMbZCmG91uh+PT1HkapcCv3jnt3UaEJGc7GdgugzgDn+ulMo0znyZ3lx6pV3/br+ouDxKo+QMrW5hSCD2bfcby+6fKOklWFD7XC+8Rn+yChQgA1AGuZo3mdjpAir7EDSqJHLNp7QgQb8/wCe/wCQ9Kflrl3pmNxS2kz3NAOQ1LEnQKOZJIqiRFseFqC3jEuMyW3BZNHAIJQnqOVC+LcbtWQpxDZA5hUUM7sdzookx6VjOKhLmI7fA9oz3ygR7UqLV3a4t8cgVhoIGxqsMbn8Lw/BLJk4dbft5NvjuJtburatIHMjMDozF/CEYmNpJOo0I3EUbFCPZzA3bdoDEBWvJKC4GLlkkkEltVJnajNRnSdLx+SsLat+fwQxXU+upOXwNx+SHC4hXWVO2hGxB6EHUHyNSutRfVxIcCGiCeo6Hr5dKmVqpakL0MY1GaVhSmpuJRMHHEJaUrbC9wFmTNBgbxocx/pS4jEgk9moLKCC8Tk55RzZtu76xpMuKw2Ygg5WGmYbgHePPeDymm2rWQBVXQbVOmU5Kr8gqSql3ByE7GM1ySAGadoPwiBEDezauK1sdopUDRV3zACQQdzpvPnNdxFEBVnEtqFX73lrpzFUSrElmE3CNBrlRerdNdhuSJ6wr0dEaa5PQb4X3szjYmF6QPl+4q6bizvUeDGRFG0KByA26aU4EcgPlXRFUqOKUrk2PF0E+VPV5P72qE2gedPtYeNqYUQvDZeR2PTyqbFIG7pEiIIqtesNUWFxJVofXo386X4YflA/HYQ29HMjXYGWVdQw55l23OYVCYACMxUzmRgD3DsCZ91tdOQMGtBjMIHWDrzEcjyIPI0IPCbh3YDxecE8wCNA3NZ+BoOJeGRNfuZWweIay57h3+0Rdcs//dtjmpMzpNaC3qZodh+HFgpcsrIWywQND7um66DfWiSqdqHFoTJJN678nMZNOvHlTVQg07sz8aZIlYsQPOmPbipiIGY7/lQ3FXGbRdBz6/OtKSiFKxnEeIG0O4huudIEQu2+s+kxzodg8P2lw3nJZUJIJkh3A7zgclUSoiAdTzqe/aJItqYZhJI9xNmaeTHVR5z0onZthAAoACiAOgHlS8nWwVvRgeIcWuYjsMQmHeyEdjYvlluLrKlb9saqrCdpIonwTCX7mMTEHDLYHZsL7K6tbvk+EqBv1zcqsWeEWrd24MM0XPELLsww6s2rMq5dTB2BO+tHuE4QWLCW5LC2up6xJIFdmTJFR/au9fZnJHHJyuT+fuCvan2nGGZbVtBexD+FAYCzsXPIf+dBTeCcUvfWBYusjh7ZuKQCGDoQLikEk5ZOk6iKzGBsBbl3G33VjcBuCNctvYMpPvDwwBvp1kt7EWWi7j74jtAEsp0tg90L8SfhpNPLDCON19L938CRyzlNX9a9l8myrqE/WsX/AIK+q/zrq8/9GXud36sfYIjEoGCZhnIkLOsbTHr6HoamaN/XpQjifBw7dpbIR2ADtrJEdVIYEHKdDrljYms17U8Tts6rcJazh3K37ZcI90lVNtwCRnWZ0rpx41JpRf1JTycU20brfam5awns/wAcGFtuptXWOZ7wsIM5sWTBUXCxEc2jfXWJre4chlDAEZgDBEESJgg7Hyo5Mbi9mx5FNaInpk1LcSq4Nc0kXTIsRczHIoGYakkSE6H/AFdBXW8OBlQe80sTqTzJJ5nSp+zjWkwneuk8lH4n9mp8dj89UgoQKhawp5VLNNc10ERgs9DTghrpqQNWMJrFDsQnlRLNUN5KRhRUwmMy91tvy/pRMAESKE3bdS4C+V0Ph/KtF+DNF9rdNymp6juOFEn+pqgBADUFzFqDAMn8PWqt/El9NQOg/U0y1hB1pW/YNF5e9qdaY6gMAOlPs2yPMVAl9WuMAdQYjntP5fnSMKJ7dkCTAk7nmQNppGt6aH5jcetOBprmnpM10B+FcGNp3d7namTkJVQVU6xoAZ1jUnQaRRpVqJblWLdwVpKTdiqkqRnbXsXYkqzXWslzc7FmHZhzr0kiZMSRrV27jJYFBKA5LSjTPc5nY9xR5cjpRHFKWQhWy9SJkLziNQaEWBp2gBUsCllZnKg8T8u8d/SqKUpbk7JcVHSVEn9l3v8AmLnqP/bXVS+rn/Cv/v8A6qWmB9whjcfatR2l1EkaZmCz8JNJ9SsXWW6bdu4wHduZVYx5NWU9pOzs4sXbyaXFUW7raraKghrcEEITIOeDEnbUhvsrwe8uJL2bpFg63UY5pJAIHQklic24A3IIJMcK48k61/PwK8rcuNXv+PkN+x/Dbtlbq37YDG6zG4GzG8SZzbaAAxB5ztz0U9KXNXRQcuTtlYxUVSFZQRUKWQtSM3OkUhgCNQdqm0OiHEvpS8KSEJ6n8v2ajxYk5R86uKkAAchU0v3WG9CtUd0SIkjzESPhIIpYphp2ArFLy7XQ4/8AyKJ/iTKB/Ca76048Vk/FGDj0OVj8gaiNtblxw4DZMgVSJADKDng8yZE/5Y611m2LdwqkBcpLKNlbNowHLNrP+metN9RSzaxyExmAb7rSrfwtB/CrU1XdAwhgCOhAI9DQXEMbTMQlxUGi9lm2AHeya29TPKljFS6C212Gri0wrQyxxbMQFuqZmBct5SYMHvqY5j3edXUxRABa0YMQyMHXXbeCfktZ42gqaZds3SBHpUd5c2pqMcQtTBuBSdhclCfgHgmrNBp+QpooNhyNjSq7jf8AKrwFOmghiquI5x+/0oc3D2Me/PePeKMtzNmLZgNRECPKi9xB+P5/+Kzqe04BuyhZFfs7WQS9xgJcgTBHOaE6DFN9BxsTbt5VdwJAjMdTy3O5PqamY1nbCpi7qX1aUQ6q0yriQUyzCyMpmDNaAmlTNKIgFOSojc6U+1dB30qikJRZDVRxeFLMWmTp3W2ldVAjZZ1PWBrVsGmzTJ0BqwX9Wv8A+P8A9n9a6iE11NzF4AfEYZcTb7C7F62099d1Kz4o8LDQSNyToOZLhmATD2UtWhCIIE7nmSTzJMmoOEYi3G6h2jNplzETt1Mct/Wik1k3VGpXfkRBSsaUmo2Gkz++goBEjy0qC2Ozcx4TrHQ+VT2kqPHigwj21YVYY0J4HcZi7z9loE6sROZp6HSPhPOijGgnqwJ2NY1TutdB0RGHKXZT/tafwqwWpC1awg3EsCZu2byEaZ0JJjpNts5HkRU2CvWR3UZQTqQx77HqQ3eJ8zVvNTbiKwhgGHQgEehrcvAKJKGY3F5iOzu9mysVgr4j3QN+RJEE75tOtWP7PQeDNb/0MVH8Hh/Cq7cPYSFa24O+ZMrsdYl7cDmeRox4pmlZTTE3nID4e3dHUFTAmJzDn4hAGnWrtxVuICytaynPAH+ECveMREEwPIRTLE2lC9g6Ae/bK3IEzEEAkb6BdJ0pj44littwSzKcjnLCbEZbmvQmBzgdaft6E6WyC2GgLaxKMCJVLmWcgjQyG2htdBrtpU+EwbZsrWcgOYl7Tm2NIjwNrOu8fCq+Ks4eXFyw4zEoCJIIaDoNAASRprrIo/ZYMq5diBHwjT8q05UtGjG3sgt4ZwRF5iJ8LBD6EKD6k1cykbio2NOV9NvnU07KVQN49xL6vZZwhcr3iAQNJg+mtZbh2Kw16522EZbd8BotP3VLEeKBOwnw0/2h4xde9iUSwl2zZCpdzOQTK5mAjaJqbA8PwuNVX7HI9srI8LplggEjxD96VCTtnVCPGOy9wDh72FdrrK1265uXMu0kQMvlpVlOP2O07IvqCEDAEoXInJniA3lNC/bPiLWbIRNHunKI3C7Eg8jqBWaZewsraA7zOijnN0sGZgY5aRy73IzQboZQ5bZ6VedUVnY6KCT8qrLiw7hIIJQPOkLMQGPUgzVfit1ZW22wBu3B/kt6/i35VD2mW0MwGe8Tccb6H3R5xCinshxCtu9uJ2gHyJEifl+dP7ehvDWCgoQASeXN92A090QKvm1NNdgaod2tJUPYGurbFsGY21oJmV5k+9GnagEBWMQLnwFW+GcWYN2d33QIJPe3O8CCvLNzolkBho1iJ5wYJH4CqeIw80HNroCjsJZgwnlSonWgyM9vwCfI7USwWL7QaiD0P6daeM1IzjRdWqHFrReFmFPj6kfdXpPM9NOci6BVa53noyBVk2GtgKAKS9d5UtxSdjVNrZrGHs9NzUB9tZGFfXukoGiR3SeZGsE5QfImsJgPae/hu6pVgQJQsXVGzHwmTEqBIBjXrXTi9JLJG4s58nqo45cZHouL9obVu+lhpJOhIjKh0gPrPMagQJExV/EXwiMzbIpY/BRJ/KvFLdy5ecgLnvOXAbXMWuEkgLMczryFe4WsOOzVLgDdwBp1B01+Nb1Xp1i4/kX03qHk5A/AcdtXckFlNwSoZSM2hjXYTlaAYPdOlYX2mxz9vi2u4u7YexH1a2rFQ45Nl2bMdD/KvQP7MsrcW4qEMs8zl1JM5Zie82sT3jQDG+xzXSUbElsMXzm2UHaATJti7uEnlQwyxxk34DmjOSSKQ9rcS+VcNZtu1uwl6+XYgAsubIke9E+h6Ufw/F7V7CribgUWmTMQ8EL1BJ3M6edZfHYDFWbmLt2cMbn1kjs7qsAttSuUh+YgT/WhntDw+/h7YW7ZN3DWbS27PfARbhGXtbqbuZOgO1V/ShNpRpffbE/UnBNu39tG94W9m9bW5h7jqhkLkLZdCQfs3BUa+VWDinVsgdLhAkhkZMuk9+4somkGMo0+NUPZW5btYLChptHKEi7CMzzBMdSdfSiN3ApcF2G0uABoIgssANpz0AInUVyypSafR0LcU12X8BeDgExDDSGDjfQqw3FWuzCk9Kq2dAqn9+tS32i2x8o9dP1qd0rKpWY/G8Ew7XHvXHe2bhOYK5C3ANe+ANABEnSjPAuGG1ne46vcuFdVGVQqjuKI3gVWu8Mu3XTvL2UQwjvAidQTO8kGI060dGlc50Sl4Mp7Von1mybo0KkWyxAt9pmMq8g6GRDcjGkVU4Nww38UL7A9jZ7qTLdo86kH3lBJ1+FbDEBWEOoaNYIB1661G7xlAMFp0+6i+JvwijWzc9UUruCLuCZIumSTMLbt6qs6btrB86je8HcmFIWIBgSQQLeo11aTzq9iOJJ2ZaD9oCqbDLbAkn5CTHmKGrlUAKO9ow1J+0cQgiAe6vejSJp3XgRW1sK8NsDMzGdJUT7xmXfzk8/KiAtiq1u7CqvMCprd2dqZCsbkFdTO0NLTCDyNBXKvWmWmMbQK7NS8TWSOByFUMSJ0G5OlJxjilrD2Hv33y20GYnmSdAAObE7Ck4FxTD4pO2w99bq9VOqzyYbofIihKLrQUy8lxlHUfjS2BuaVdTA+Z5VIixWg2Zkbk8qVV61IUpSsVRsUrY3CJdRrdxZVhDD+vI15tj/ZAfW1sWu5b7kl2l2zZizIu2VQsT1POa9KvXoqubmsxrtPOOk1bFnljviRzYI5KsyvsTwN8PiLwYo0IBIWGRszd2T1EHQ6iNq2TtURumortwKCzHQb/sUmXI8kuT7GxYlijxXQuIvqil3MKqlmPQKJOlZX/jS49rtrOFLW5IUFiHcLvcyqpCqNt9TttWmRrV62RKujgqQGkEEaj0rG8S4ZjMKPsUXEWAAgCjJdS2slbbKkZgJI5zJ01qmCMG6l386EzSmlcXr42XOH+3+HchbyNZJ9499PmQAR6RWlvYe1eQB1W4hhtQGUkahh/OvPX4vZvNlxGGuITAi5aLFRM91wAybtsvvHXatR7F4Zglw9m9q1ny2Uct4YGZwjeEMZIEaaiq+oxRiuUVX3v+CXp80pPjJ39q/kI8Q4PbuuH1VveK5e+O7AaRqBkXaNNOdP4Dw8YdWUlWZmlmVcg2yr3QYHdAGkDyq8bJpptkcq4+cqrwdnCN35LfZCm44d2Op/Kuw5n5UuIYF1XoNqSf8AxHj2CeLccs4XKtwtLajKJ0Gkmg3FPbS1b0tA3TzynKo8iSN/lQL2oxRvYh2YALb+zA6AE69TzNBjY6amYHzqDkdkIRq2ei8E4sMUmdViNCJBKnp1/CrWKwbMQFBhyM7TtbWSUjzNRezns6mGlwxZnCSDHdgTAjzNF8Y5CmInYSYgkGPjGp+VOlrZCTV6A+ICs8kwgHL/AA0Izg6Tq0DnIGlWsBZzMZg5JJMbXX3yk6wFgVUS2AqjSNG0ESAfs0MawzSdRyo5hLRVQGOZtyT94/yrRQrZGLNPyAeU86mNMOHzDfX97VSTaWhF3sr9kvU+prqZ9VNdUeUimjyH2V+mY5VtY9TIgdqgER1uJy/6fSvU7ePR0FxWUoRmDAgrliS2baIr5Fq5a4hdVGtrdcW28SBiFb4qDFdbRzmx+k/21OPv9laaMNaJycu1fY3G/IdB8ayPCuJ3sO4uWLrWnHvIYPwPUeRqhXUTHuXsL9MDXLlvD4y0S7sltbtkDvOxCjPbMAamSV9K9feeVfN30J8K7fiaOfDYR7p6ZoyKPVgf+mvpVQIHzmloIltCNzTrp0pLhNQuZpGECY/DkAAvcZTvKB9dtlEjSdQedUbb3B/dv4VBYB5K7E/Z3NQNfvaCK1BtSIPMa1RHC2AIR2bp2gzgaiZ5nY8+dUjPwxHH2Bo4myqCy8zOnZz90rJy7bmfSlv3u07y3XsnRRmRWRs0nTcEkDf4VMvDLyA935W23MxGR5EQSYnkKZZQAhmygkuBIay5MERvlnXenSXaEd+SP6qzd7srV0xo1i4bbzG8enOn4fEZB3r922TIAvoCAwWfEBtJXnygc6iaxENBGkhnTN1Ot2ydtvlVg3rgJKsbiHUeG4CCoI7ujgHprvTMCLNrHXYk2RdAnvWmB/7WII6RNWLXEbRIzvkJOgcFCfWhT2rb5We1lcyMyObR0I1hoPTr8av9mxjs7zljIVbqZxIAJ70aD570Gkw2w4BFKRTLKtlGcy0CSNATzgU8iolRCooBjcGxv9raYB8pXvrmUgGRpIIO+x+VHyKqusGaWWx4ugJwr2eRG7S79rczMxbKAstyC+WvrUvE/ZnD3/cCHcsndzCdQQNNeu9EXeoxcNT4oPKV2XVSBA5fpQbiLF7mUEZVlTOniEuR1gQOmponav8AWh1vCZi8Aqs5NZnLMs2szmP4RRZkLhbKM65QRA7RgfhlRZ5ARMRpIoqaiS2qSQIzb+cafoKcbk0yVAbOc0ov6axt8Nt5OwApgbdm0UA6kiBG7EnQDSvCvpT+kzt82EwTRZ2u3RIN2DqqdLfn73wo02wWet/8Z4D/AJ2z/H/Sur5M0rqbgCxorq6upxTq6urqxj13/wCHn++xf/p2v9zV7harq6gEluVWXeurqkwonG1T4faurqPkw29vVHifhFJXVVCSAnDfDa+NymY7/wCZX/R/KurqqSDeM/ux++Qobgv73/8AYfyrq6jHphl4NUaY1dXVzFhBvVbF70ldSMYq11dXUow6phS11Ewl7wn4iq9velrqdisCfSH/APR8Z/6Tf7hXyvXV1NEViV1dXU4D/9k=', 'Ortodontia', NULL);
INSERT INTO public.produtos (id, categoria_id, nome, codigo_barras, stock_atual, stock_minimo, unidade_medida, descricao, imagem_url, categoria, data_validade) VALUES (61, NULL, 'Broca Piloto', NULL, 3.000, 2.000, 'un', NULL, 'https://images.tcdn.com.br/img/img_prod/612599/broca_piloto_1mm_diametro_28_mm_1635_1_913adfb5f0fdde309a929ec9ca9dd48c.jpg', 'Endo_Restauro', NULL);
INSERT INTO public.produtos (id, categoria_id, nome, codigo_barras, stock_atual, stock_minimo, unidade_medida, descricao, imagem_url, categoria, data_validade) VALUES (39, NULL, 'Bisnaga Cimento Radicular (16 grs)', NULL, 2.938, 1.000, 'un', NULL, 'https://cdn.dentalspeed.com/produtos/550/detalhes-seringa-cimento-endodontico-mta-fillapex-seringa-dupla-4g-ang31621a.jpg', 'Endo_Restauro', NULL);
INSERT INTO public.produtos (id, categoria_id, nome, codigo_barras, stock_atual, stock_minimo, unidade_medida, descricao, imagem_url, categoria, data_validade) VALUES (62, NULL, 'Broca Implante 1', NULL, 3.000, 2.000, 'un', NULL, 'https://cdn.dentalspeed.com/produtos/550/broca-helicoidal-20-150001-sin17653a.jpg', 'Cirurgia', NULL);
INSERT INTO public.produtos (id, categoria_id, nome, codigo_barras, stock_atual, stock_minimo, unidade_medida, descricao, imagem_url, categoria, data_validade) VALUES (63, NULL, 'Broca Implante 2', NULL, 3.000, 2.000, 'un', NULL, 'https://cdn.dentalspeed.com/produtos/550/broca-helicoidal-20-150001-sin17653a.jpg', 'Cirurgia', NULL);
INSERT INTO public.produtos (id, categoria_id, nome, codigo_barras, stock_atual, stock_minimo, unidade_medida, descricao, imagem_url, categoria, data_validade) VALUES (64, NULL, 'Broca Implante 3', NULL, 3.000, 2.000, 'un', NULL, 'https://cdn.dentalspeed.com/produtos/550/broca-helicoidal-20-150001-sin17653a.jpg', 'Cirurgia', NULL);
INSERT INTO public.produtos (id, categoria_id, nome, codigo_barras, stock_atual, stock_minimo, unidade_medida, descricao, imagem_url, categoria, data_validade) VALUES (7, NULL, 'Caixa suturas Seda (12 un)', NULL, 10.000, 2.000, 'cx', NULL, 'https://i0.wp.com/nuncifarma.com/wp-content/uploads/2022/11/SEDA_800x800-removebg-preview-1.png?w=500&ssl=1', 'Cirurgia', NULL);
INSERT INTO public.produtos (id, categoria_id, nome, codigo_barras, stock_atual, stock_minimo, unidade_medida, descricao, imagem_url, categoria, data_validade) VALUES (52, NULL, 'Caixa laminas bisturi (100 un)', NULL, 8.000, 2.000, 'cx', NULL, 'https://dentalpartner.vteximg.com.br/arquivos/ids/171872/image-bb977ddae65b4946b7db3b4318968d53.jpg?v=638494909328900000', 'Cirurgia', NULL);
INSERT INTO public.produtos (id, categoria_id, nome, codigo_barras, stock_atual, stock_minimo, unidade_medida, descricao, imagem_url, categoria, data_validade) VALUES (53, NULL, 'Caixa Suturas Poliamida (12 un)', NULL, 6.000, 2.000, 'cx', NULL, 'https://herbitas.com/media/catalog/product/cache/7daf07e913ab016e439ca6939f5ac493/1/2/12.021.12_3.jpg', 'Cirurgia', NULL);


--
-- Data for Name: modelo_procedimento_itens; Type: TABLE DATA; Schema: public; Owner: -
--

INSERT INTO public.modelo_procedimento_itens (id, modelo_id, nome_item, quantidade, preco_unitario, produto_id) VALUES (234, 4, 'Agulha', 1.00, 0.08, 10);
INSERT INTO public.modelo_procedimento_itens (id, modelo_id, nome_item, quantidade, preco_unitario, produto_id) VALUES (224, 2, 'Agulha ', 1.00, 0.08, 10);
INSERT INTO public.modelo_procedimento_itens (id, modelo_id, nome_item, quantidade, preco_unitario, produto_id) VALUES (235, 4, 'Anestubo', 1.00, 2.76, 9);
INSERT INTO public.modelo_procedimento_itens (id, modelo_id, nome_item, quantidade, preco_unitario, produto_id) VALUES (226, 2, 'Anestubos', 3.00, 0.92, 9);
INSERT INTO public.modelo_procedimento_itens (id, modelo_id, nome_item, quantidade, preco_unitario, produto_id) VALUES (236, 4, 'Borracha de Raio X ', 1.00, 0.02, 35);
INSERT INTO public.modelo_procedimento_itens (id, modelo_id, nome_item, quantidade, preco_unitario, produto_id) VALUES (265, 7, 'Agulha', 1.00, 0.08, 10);
INSERT INTO public.modelo_procedimento_itens (id, modelo_id, nome_item, quantidade, preco_unitario, produto_id) VALUES (237, 4, 'Canulas de Irrigação', 1.00, 0.18, 36);
INSERT INTO public.modelo_procedimento_itens (id, modelo_id, nome_item, quantidade, preco_unitario, produto_id) VALUES (266, 7, 'Aspirador Cirúrgico', 1.00, 0.02, 60);
INSERT INTO public.modelo_procedimento_itens (id, modelo_id, nome_item, quantidade, preco_unitario, produto_id) VALUES (238, 4, 'Cavit ', 1.00, 0.16, 33);
INSERT INTO public.modelo_procedimento_itens (id, modelo_id, nome_item, quantidade, preco_unitario, produto_id) VALUES (267, 7, 'Bisturi', 1.00, 0.08, 66);
INSERT INTO public.modelo_procedimento_itens (id, modelo_id, nome_item, quantidade, preco_unitario, produto_id) VALUES (268, 7, 'Broca Implante 1', 1.00, 1.05, 62);
INSERT INTO public.modelo_procedimento_itens (id, modelo_id, nome_item, quantidade, preco_unitario, produto_id) VALUES (239, 4, 'Dique ', 1.00, 0.27, 34);
INSERT INTO public.modelo_procedimento_itens (id, modelo_id, nome_item, quantidade, preco_unitario, produto_id) VALUES (269, 7, 'Broca Implante 2', 1.00, 1.05, 63);
INSERT INTO public.modelo_procedimento_itens (id, modelo_id, nome_item, quantidade, preco_unitario, produto_id) VALUES (240, 4, 'Hipoclorito ', 1.00, 0.09, 32);
INSERT INTO public.modelo_procedimento_itens (id, modelo_id, nome_item, quantidade, preco_unitario, produto_id) VALUES (270, 7, 'Broca Implante 3', 1.00, 1.05, 64);
INSERT INTO public.modelo_procedimento_itens (id, modelo_id, nome_item, quantidade, preco_unitario, produto_id) VALUES (241, 4, 'Limas Manuais', 1.00, 0.48, 31);
INSERT INTO public.modelo_procedimento_itens (id, modelo_id, nome_item, quantidade, preco_unitario, produto_id) VALUES (242, 4, 'Limas Reciproc ', 1.00, 1.68, 30);
INSERT INTO public.modelo_procedimento_itens (id, modelo_id, nome_item, quantidade, preco_unitario, produto_id) VALUES (232, 2, 'Suturas Seda ', 1.00, 1.53, 7);
INSERT INTO public.modelo_procedimento_itens (id, modelo_id, nome_item, quantidade, preco_unitario, produto_id) VALUES (243, 3, 'Bisnaga Acido', 1.00, 0.12, NULL);
INSERT INTO public.modelo_procedimento_itens (id, modelo_id, nome_item, quantidade, preco_unitario, produto_id) VALUES (244, 3, 'Bisnaga Bonding ', 1.00, 0.25, NULL);
INSERT INTO public.modelo_procedimento_itens (id, modelo_id, nome_item, quantidade, preco_unitario, produto_id) VALUES (245, 3, 'Bisnaga Composito', 1.00, 1.83, NULL);
INSERT INTO public.modelo_procedimento_itens (id, modelo_id, nome_item, quantidade, preco_unitario, produto_id) VALUES (246, 3, 'Bisnaga Flow', 1.00, 0.91, NULL);
INSERT INTO public.modelo_procedimento_itens (id, modelo_id, nome_item, quantidade, preco_unitario, produto_id) VALUES (247, 3, 'Bisnaga Ionoseal ', 1.00, 0.91, NULL);
INSERT INTO public.modelo_procedimento_itens (id, modelo_id, nome_item, quantidade, preco_unitario, produto_id) VALUES (248, 3, 'Broca Chama', 1.00, 0.02, 28);
INSERT INTO public.modelo_procedimento_itens (id, modelo_id, nome_item, quantidade, preco_unitario, produto_id) VALUES (249, 3, 'Broca Esférica', 1.00, 0.02, NULL);
INSERT INTO public.modelo_procedimento_itens (id, modelo_id, nome_item, quantidade, preco_unitario, produto_id) VALUES (250, 3, 'Broca Laminada', 1.00, 0.02, 25);
INSERT INTO public.modelo_procedimento_itens (id, modelo_id, nome_item, quantidade, preco_unitario, produto_id) VALUES (251, 3, 'Broca Polimento', 1.00, 0.02, 27);
INSERT INTO public.modelo_procedimento_itens (id, modelo_id, nome_item, quantidade, preco_unitario, produto_id) VALUES (252, 3, 'Cunha Madeira ', 1.00, 0.06, NULL);
INSERT INTO public.modelo_procedimento_itens (id, modelo_id, nome_item, quantidade, preco_unitario, produto_id) VALUES (253, 3, 'Matriz Metálica', 1.00, 0.12, NULL);
INSERT INTO public.modelo_procedimento_itens (id, modelo_id, nome_item, quantidade, preco_unitario, produto_id) VALUES (254, 3, 'Micro Brush ', 1.00, 0.03, NULL);
INSERT INTO public.modelo_procedimento_itens (id, modelo_id, nome_item, quantidade, preco_unitario, produto_id) VALUES (255, 3, 'Porta Matriz', 1.00, 0.02, 29);
INSERT INTO public.modelo_procedimento_itens (id, modelo_id, nome_item, quantidade, preco_unitario, produto_id) VALUES (256, 5, ' Cones Papel', 1.00, 0.38, NULL);
INSERT INTO public.modelo_procedimento_itens (id, modelo_id, nome_item, quantidade, preco_unitario, produto_id) VALUES (257, 5, 'Bisnaga Cimento Radicular ', 1.00, 1.96, NULL);
INSERT INTO public.modelo_procedimento_itens (id, modelo_id, nome_item, quantidade, preco_unitario, produto_id) VALUES (258, 5, 'Bisnaga Ionoseal ', 1.00, 0.91, NULL);
INSERT INTO public.modelo_procedimento_itens (id, modelo_id, nome_item, quantidade, preco_unitario, produto_id) VALUES (259, 5, 'Borrachas de Raio X ', 1.00, 0.02, 35);
INSERT INTO public.modelo_procedimento_itens (id, modelo_id, nome_item, quantidade, preco_unitario, produto_id) VALUES (260, 5, 'Canulas Irrigação ', 1.00, 0.18, 36);
INSERT INTO public.modelo_procedimento_itens (id, modelo_id, nome_item, quantidade, preco_unitario, produto_id) VALUES (261, 5, 'Cavit ', 1.00, 0.16, 33);
INSERT INTO public.modelo_procedimento_itens (id, modelo_id, nome_item, quantidade, preco_unitario, produto_id) VALUES (262, 5, 'Dique ', 1.00, 0.27, 34);
INSERT INTO public.modelo_procedimento_itens (id, modelo_id, nome_item, quantidade, preco_unitario, produto_id) VALUES (263, 5, 'Gutta Percha ', 1.00, 0.55, NULL);
INSERT INTO public.modelo_procedimento_itens (id, modelo_id, nome_item, quantidade, preco_unitario, produto_id) VALUES (264, 5, 'Hipoclorito', 1.00, 0.09, 32);
INSERT INTO public.modelo_procedimento_itens (id, modelo_id, nome_item, quantidade, preco_unitario, produto_id) VALUES (271, 7, 'Broca Implante 4', 1.00, 1.05, 65);
INSERT INTO public.modelo_procedimento_itens (id, modelo_id, nome_item, quantidade, preco_unitario, produto_id) VALUES (272, 7, 'Broca Piloto', 1.00, 1.05, 61);
INSERT INTO public.modelo_procedimento_itens (id, modelo_id, nome_item, quantidade, preco_unitario, produto_id) VALUES (273, 7, 'Caixa Anestubos (50 un)', 1.00, 2.76, 9);
INSERT INTO public.modelo_procedimento_itens (id, modelo_id, nome_item, quantidade, preco_unitario, produto_id) VALUES (274, 7, 'Implante ', 1.00, 202.01, NULL);
INSERT INTO public.modelo_procedimento_itens (id, modelo_id, nome_item, quantidade, preco_unitario, produto_id) VALUES (275, 7, 'Kit Cirúrgico', 1.00, 9.82, 57);
INSERT INTO public.modelo_procedimento_itens (id, modelo_id, nome_item, quantidade, preco_unitario, produto_id) VALUES (276, 7, 'Kit Implantologia', 1.00, 0.08, 58);
INSERT INTO public.modelo_procedimento_itens (id, modelo_id, nome_item, quantidade, preco_unitario, produto_id) VALUES (277, 7, 'Linhas Irrigação', 1.00, 10.39, NULL);
INSERT INTO public.modelo_procedimento_itens (id, modelo_id, nome_item, quantidade, preco_unitario, produto_id) VALUES (278, 7, 'Osso (1 un)', 1.00, 10.72, 56);
INSERT INTO public.modelo_procedimento_itens (id, modelo_id, nome_item, quantidade, preco_unitario, produto_id) VALUES (279, 7, 'Soro', 1.00, 0.02, 59);
INSERT INTO public.modelo_procedimento_itens (id, modelo_id, nome_item, quantidade, preco_unitario, produto_id) VALUES (280, 7, 'Suturas Poliamida ', 1.00, 5.06, 53);
INSERT INTO public.modelo_procedimento_itens (id, modelo_id, nome_item, quantidade, preco_unitario, produto_id) VALUES (281, 6, 'Arco 0,16 Aço com loop', 1.00, 14.68, NULL);
INSERT INTO public.modelo_procedimento_itens (id, modelo_id, nome_item, quantidade, preco_unitario, produto_id) VALUES (282, 6, 'Arco 19,75 Aco', 1.00, 1.56, 50);
INSERT INTO public.modelo_procedimento_itens (id, modelo_id, nome_item, quantidade, preco_unitario, produto_id) VALUES (283, 6, 'Arcos', 5.00, 1.56, NULL);
INSERT INTO public.modelo_procedimento_itens (id, modelo_id, nome_item, quantidade, preco_unitario, produto_id) VALUES (284, 6, 'Bandas Ortodonticas', 4.00, 6.82, 51);
INSERT INTO public.modelo_procedimento_itens (id, modelo_id, nome_item, quantidade, preco_unitario, produto_id) VALUES (285, 6, 'Bisnaga Ácido', 1.00, 2.88, NULL);
INSERT INTO public.modelo_procedimento_itens (id, modelo_id, nome_item, quantidade, preco_unitario, produto_id) VALUES (286, 6, 'Bisnaga Bonding ', 1.00, 6.00, NULL);
INSERT INTO public.modelo_procedimento_itens (id, modelo_id, nome_item, quantidade, preco_unitario, produto_id) VALUES (287, 6, 'Bisnaga Compósito', 1.00, 10.98, NULL);
INSERT INTO public.modelo_procedimento_itens (id, modelo_id, nome_item, quantidade, preco_unitario, produto_id) VALUES (288, 6, 'Elásticos Cores Brackets', 1.00, 0.21, 46);
INSERT INTO public.modelo_procedimento_itens (id, modelo_id, nome_item, quantidade, preco_unitario, produto_id) VALUES (289, 6, 'Elásticos Tracao Mandibular', 1.00, 0.30, 47);
INSERT INTO public.modelo_procedimento_itens (id, modelo_id, nome_item, quantidade, preco_unitario, produto_id) VALUES (290, 6, 'Kit Brackets TP ', 1.00, 98.95, NULL);
INSERT INTO public.modelo_procedimento_itens (id, modelo_id, nome_item, quantidade, preco_unitario, produto_id) VALUES (108, 1, 'Kit de Prospeção', 1.00, 0.33, NULL);
INSERT INTO public.modelo_procedimento_itens (id, modelo_id, nome_item, quantidade, preco_unitario, produto_id) VALUES (231, 2, 'Spongostan ', 1.00, 0.96, NULL);
INSERT INTO public.modelo_procedimento_itens (id, modelo_id, nome_item, quantidade, preco_unitario, produto_id) VALUES (225, 2, 'Alavanca', 1.00, 0.02, 11);
INSERT INTO public.modelo_procedimento_itens (id, modelo_id, nome_item, quantidade, preco_unitario, produto_id) VALUES (227, 2, 'Boticao', 1.00, 0.02, 12);
INSERT INTO public.modelo_procedimento_itens (id, modelo_id, nome_item, quantidade, preco_unitario, produto_id) VALUES (229, 2, 'Porta Agulhas', 1.00, 0.02, 16);
INSERT INTO public.modelo_procedimento_itens (id, modelo_id, nome_item, quantidade, preco_unitario, produto_id) VALUES (230, 2, 'Sindesmotomo', 1.00, 0.02, 13);
INSERT INTO public.modelo_procedimento_itens (id, modelo_id, nome_item, quantidade, preco_unitario, produto_id) VALUES (228, 2, 'Broca Osso', 1.00, 0.02, 14);
INSERT INTO public.modelo_procedimento_itens (id, modelo_id, nome_item, quantidade, preco_unitario, produto_id) VALUES (233, 2, 'Tesoura', 1.00, 0.02, 15);
INSERT INTO public.modelo_procedimento_itens (id, modelo_id, nome_item, quantidade, preco_unitario, produto_id) VALUES (109, 1, 'Caixa Luvas (100 un)', 2.00, 0.08, 2);
INSERT INTO public.modelo_procedimento_itens (id, modelo_id, nome_item, quantidade, preco_unitario, produto_id) VALUES (110, 1, 'Aspirador Saliva (100 un)', 1.00, 0.03, 3);
INSERT INTO public.modelo_procedimento_itens (id, modelo_id, nome_item, quantidade, preco_unitario, produto_id) VALUES (113, 1, 'Garrafao Colotorio (10 lts)', 1.00, 0.02, 6);
INSERT INTO public.modelo_procedimento_itens (id, modelo_id, nome_item, quantidade, preco_unitario, produto_id) VALUES (111, 1, 'Babetes (500 un)', 1.00, 0.03, 4);
INSERT INTO public.modelo_procedimento_itens (id, modelo_id, nome_item, quantidade, preco_unitario, produto_id) VALUES (112, 1, 'Copos Plastico (3000 un)', 1.00, 0.02, 5);


--
-- Data for Name: utilizadores; Type: TABLE DATA; Schema: public; Owner: -
--

INSERT INTO public.utilizadores (id, nome, email, password_hash, perfil, ativo, created_at, mfa_enabled, mfa_secret, role, reset_expires, reset_code, assinatura_base64, assinatura, telefone) VALUES (4, 'Rúben Martins', 'rubendavidsilvamartins@gmail.com', '$2b$10$SNNZoWf64qwfTTFcdwDLTO1wxxEMCVxW7oXCvQEK3XFrPjqUqV5M.', NULL, true, '2026-03-09 03:30:56.306584', true, 'KFWD66BSKRGSYKL5O5KEYOBSMQQUKJSUNBIEG2LQOU4WKQKBKVZA', 'ADMIN', '2026-04-07 14:17:30.971', '581983', 'data:image/png;base64,iVBORw0KGgoAAAANSUhEUgAAAZAAAAB4CAYAAADc36SXAAAQAElEQVR4AexdXYh0yVmuOrPft7tm3elezU7PZqa/jQkkEYw3XigmmEVBEZQICuuVCCoYvTDES3/RGyFBETVg9MabBBQMBhHEkKArKN4lFyaYn/26Jzs9+ZueZDf7/U2Xz1NzqqbO6eruc7rPOX1Ozzuct0+dOnWq3nqq6n3qrTrdkyj5EwQEAUFAEBAE1kBACGQN0OQRQUAQEAQEAaWEQKQXCALbQkDKFQQ6joAQSMcbUNQXBAQBQWBbCAiBbAt5KVcQEAQEgY4j0GEC6Tjyor4gIAgIAh1HQAik4w0o6gsCgoAgsC0EhEC2hbyUKwh0GAFRXRAgAkIgRGGHZHx28RByGcoOVU+qIggIAi1CQAikRY1RRBUQwxxBIM4Sxt3Tc4O/xyBJKIwvkrekEQQEAUGgDAJCIGXQqiptiXxADpYwSAKjyRS8YOYIApGWMLTW0Zy11gr5XEZvSqQgIAgIAmsiIASyJnB1PgZj/zBPGFrHySGvB8hEaa1nFIbdfYSlrR0YchYEBIFKEBCjUgmMm2XiCCMkDRBANFMQgScIpLFEEZwf3Tns6+OD/T0Kw2EmKEe8kBAQCd9EBKTOFSIgBFIhmEWzgiG3HkaeMEAEc1k4whgOeppCUiA5LJBb+QyQ5yMXh7ykvR0YchYEBIGNERCDsjGExTMoQhjMDYaeXsajkDAYv46AaDKkQh3WyUeeEQQEAUEgj4AQSB6Riq+dt8ENcHgD0dxDwghII2P4ow8WjES53gtBWG1CIgWLlGSCgCBwAxAQAqmpkWmkSRogh8dotMNiEOc9jDoIIyyL4dQLMQxTqA+ITfZDCIaIICAIrI2AEMja0M0/CKNs9zZIHDTS+RQkjiYII18ur1Eu29qTCHThNW+JCAKCQCcQaJ+SYkQqaBMSB0kDRnmpt8EN8AqKWzsLkgh09M/TS/IXEhAEBAFBoCQCQiAlAQuT0wA74gjjGaahhsHWJI10CYnRW5ckSTL7ISA/WcraequIAoJANxEQAinZbjC4C5epSBpYuvJvT5XMupHkJDPq6AqDzsW+oege6O5ZNBcEBIGKERACKQioIw4Y3OgyVRu9jSJVQ32EQIoAJWkEAUFgDgEhkDlI5iO4VAVDu5Q45p9qbwy9EKcdvBEXlLMgIAgIAqUQKEwgpXLdkcT0OrjHkTeyuJ45j6OrVQUhdlV10TuHwPir0/8ZnU7vjSYXrzOcuy2XgkBtCAiBLIDWeR3hbUccmMHvhfFdDGMzfeb0BlHKRroDo2Pn0WT6qpmpH1JaPa6UecJcqh/oWBVE3Q4jkHRY91pUhzF9iEFpQBY+f87W6XHsAnH4SinlCQT1k34QANO+YFwj9NP7uPMGiD+MVtKWSv6aQkA6W4D0Iq+Dr+IGyXYiCDK8BeLwdWHd/YUEWo0A2wrkwS+F3m61oqLcziMgBIImvkFeB2p7fWAZS74Tcg1Hq0MnZ9OXHXGE3rFTmpOBJFGfuzPoCak4UORcOwI3gUCiIJI03IDE4HssTIQBOttFryOsI8P0QlBXTyKz2ezG9gfi0TYJSWNm1B20VUzFB1xeZX89erb3jlgCiRME6kIgqSvjtubriIOkkR+QiFMcjDCsnd8kL4o/6up/9TePR9E8JF11CBQkjasCtb5Af8Xm+dWlfAoCTSNwIwjEkQbXjUES0e9zwHja/+bXdAO0oTxg4tUAVvJGlkejmcD4bHrivOElnkZGGRCHHh7s9zKRbbwQnXYagZ0nEA5MGMhFpOG/zxHOxHe6xSOVC/dCgJV8Mz2CUdVRIWkYo96ECUyxIq68DmmjYmhJqpoR2FkCGZ9dXNLjyA9MGEi7TMU1Y5DGjVmqKtqPgI8Yp6JglUw3DjyNRaQB/FWi1V2e89mL15FHRK63jcDOEcj47MJ+jwMDMFM3EEmrf+Qw3hGaiQWRyj5IjVCPU+JYRhpaq6+QIPa0+kR+GQt92U56alRRshYE1kIgY2TXyqFFD7nlqlAlN/hCIxnel/AVAsTpKiSfVSDgSINecIw4iLfWOlhC7R2x/86U/pmwfKT5Or3lME7CgkBbENgJAhmnXgcGWwZXzuhk8GUgWXiBfZCZuwk8ZSPdgVHiDNxOSQLLSAPZGdcvMamxS6gnk/N/4jNh/yXBMB3SvBHPyLEFBKTI1Qh0nkA4YDHY5r7HwcG3uvqSQhBYDwGSBeSS/Y/Gn4J+OAhJwOWMeLsExckM+mVmzPH5mXgdDio5dwyBTGfuku4YvHavIxywbqBi1mZndl2qj+jabgTQ305BEjMafJzR1cwAH0nY/8Ia4J4lDRCG/a+U4T2GxesgCiJdR6CTBMJBjAE653Vwhtf1BtkZ/TteERIG+xnJgoL+NkCVwBfxl9RwX1F0uhm+qC+eTKYfRX4z8TqAphydR6BTBIJBLV5H57tc+yqAfnUKKbQc5bS/IourTXDnZZA0jg96Ry5NeL4mDvUi4j0LMR8+D69Z9joAjBzdQqAzBMJZGwabeB3d6l+t1Pbk7OKr9C4o6FfoVsuXo1gJJFI6fWuKBv+KLPZXLpUuIg7kaTD4PsZ8EJZDEKgSgcbyQh9urKy1C+Igx8OxWdvKAYzn5BAELAKOMGbGvBFkQEKw8fkPkgWFROGEhh5eQuH+too4kG9yNOj9Yr5suRYEuoRAqwkEywp2ySoEFAP/RvxSblhnCa+PgPM2OAlB34lmRLLAPfudDBh2u+lNwogmXhEpxLECILm9Uwi0lkBAHpcY2JklKw7uMrPAnWqpmisDrL2HV3NRjWSf9zbCQlFXeh8Zwgj7VZi2aFiIoyhSkm6XEGgtgWCQZ3QjeewS8C2sS0ggsxbqt1KlVd4G+pR9tZbexaaE4ZT5ytn0rznZAWCZzXHct3sc6LeyVAUw5NhNBDJGui1VxHIDxqPXxn5z119JoHIEYAAfhpnCuPrfxgrj2xpe5W0kWn8NhtwuTVVVB0ccl0b9KogpHEdCHFWBLPm0HoGw41ejbDW5+NkwBn5bdaympi3IBQbQLxViL8D/h8IWqLZQhTLextHB/rMLMyp5YxFxALfZnlYfYX+VzfGSoEryziLQOuOM2XD4O0yms8h2RHHg3SnvYxveBptyFXHAa9t700Hv15hWRBC4KQi0ikBgzLhx7nXCrC4kk5vSJo3Wswvex7a8DTZEx4iDKosIAo0h4I11YyUuKAjk8RDGzOsD8phhVteptfgFVWttNDEPlWsb3tvyNoiJEAdREBEEliPgDfbyZI3cDXUxMGaFv7TViHY7WAgIu3V7H+PJ9BuOODCJmEMdOvs3qarc23AFCXE4JOQsCKxGIDTaq1M3lAKGo7G9j5Oz6cuuWjfp3CbvIyQNNPwzaP9MU5A06niTKixEiCNEQ8KCQDEEWkkgxVSvJhX/fehoMjU3jUhglLfufThPI0YabF3oWKu3wTKEOIiCiCCwHgI3mkBAHP77JiCS4/UgrP6pvHdQdQn5/LFc2NheU+ht5D0N1pOkoZX65nDQq/R7G8w7FEwYPsj2z3+PAzrZ13GBibxVFQJWe1gK6CICN5pA0GCwVfjEkWg1xmnrB4z7JYzoYzBuBuHMK7ZVKcf8XV4wmLV/7yMkjZi3AX38T4vYb4kPet/j9Kv6TEyJLSYMH0Devv2BgxAHAJFDECiDQJsIxHsDqEAYxmX1x/hs+oUw16OD3vPh9TbC47OLzJtodeiAMjKvRmOmXYv3sYo00rrZXxmwpHGw+qfR02dKn+htoN72hzlBVn7pjhmBOB5h8vAh4CAeBwEREQRKINAaAsEAvsXBzKULhkvUYa2kxqi3uAe1Vl904W2eQ+OmtS7zGnMhtWlEUYZvc5RRqfdRhDRQvt3XYDtDvC6FKlAykSMOehsod444UL5mX8Pk4bdLZi3JBQFBAAjUOoCRf6mDg7nUA2smPvnq9H/DR48Pem8Nr7cRhnHPewaVv8YcGlGQR2UERd25LBRbniKWKNeTBr0NxtUpRYmjTh0kb0HgJiDQKgJpCvDZTL3dlaVb4H3QAMPI+rbQWlfqGbCuNPA8OwFZb0RQGW/D8PcDXc5XZ9RHYYOh9s3wq9KuPkkcrOfMqA+g/IzHgRQXzuNAWA5BoDoEbnBO3mjdFAza5n1EyKMyz8C1KctwYZ5pSHkuK+Oz6fmyV28N1gVBfvb/bNDTOK5xMzzUfYy9I0ccYTx0sfsbrC+kF96TsCAgCGyOwI0jkND7SBL1uc0hXD8HGD6+ceXbAAaP5LGRZ5DXJl8GDCkcg3yq+PU4JQxPGkb1oKPK/5E4mK8ljRo3w8Ny6W2MU+JA+RlvAzo+oj7wsm7J/kaImoQFgWoR8Mar2mzbmVve+zh6tveObWkK41c7edDww7gmro4wrEvfbhsvIAw857LwZ+Rb0b6Gz7JQwBFHbJkKenriKJSZJBIEBIGNEPDGZaNcOvJwW7yP8dlF7eTBJR0YVN8yCM95N+MShMGMSBpwXxrd12C5lNHk4vXRZGqEOIiGiCDQDgRuDIGMJhf3Q8i34X2Mzy4exrwCLLVUtmzFMkYwtGFdHXmM1yEMraZcDqLYJaqG9jWo/8nk4ndGKXEoZZ5gXFbMZ6kX8LuVjZcrQUAQKILApmluDIHAAN12YG1j72M0mc4wg38MxtypoRCe8wr8zTUCYxAUywgfxbWazWYJymfQ7mGg3DCJDzOBzhPGQa/vEzQQCEljpswfod0yxIF9+vuJ0r9L4hgO+u9sQCUpQhAQBBYgkCyI36loGE+/9k8j2aT3QaOO8g0AxeoPPtNDa/0IM+cqPQ8ui2U2k1kUyiFRMTgnxEJvmTCcUo44YqRh0xg1Gdrfx+o9cTTY/2MbJx+CgCCwVQRuBIEAYW+8uQyD60aOdLkqY9RptGkIQR4bL7uMz6YXLIMEhXxXtiXSgExyS1INexgh8I40qH+cOPQ9YmXlsHcYPtuKsCghCNxwBFYana7jQ+N0XQf94DpcX2g8mT5kuVp73lI03jSE6xIYyWKMzXdHGMwfyzlPa31dRr5GLBO3s3sYWyQMp98VcUwv46ShEH3lbQwH+0+6Z+QsCAgC7UNgpwlkNMlunMMgPV5nE4wm0wc08FivyngdWutZWeIYw7tAfjPmhzO54Gl8JMhrYRVwv1UeRqjoFWmkb1LZvQ2V63ve29gbircRQidhQaC1COQGcZN6NlGWCTfOP1NniTDy3GfhD0L6YmjQ6XVguWrlXge8lm+TLCjIi48+jYzAF4s9DNz3B8shSR23wMPwSiEwOp2eoj4LvA19D67ZS9Qd5C7eBvDKH+Ozi4eQSyf5+3ItCGwLAf4ztp0lEBriAFiDjfMfDK4rC8I4PoDA6VB5S/+QBj1fEImCxoD6UfgsBRk8BbZQlPwzvCaj4B5JipdeGE8D7CNaEAi9DaXVACrl+pnzNvafHB723437cuQQcH0D7fsYJHHCvoL+U8v/icmp0MpL1h3iCTUMt1LhHVOKpEHM2Q/5z9hyA3s3ajuaXLwOxxvhGgAAEABJREFUY+srAwNbeT0xs77PQY5CMpvhGOjuG9q3R6fnr40mU78MhTC2LdRTSGOXokIdkU/mQBqF+/Z3paC/TpLkEeIy9eD9GEllMmro4uRs+ut3J9Nz1hGbGHOv3yql7yX+9VvZ21CRPwxM+z0hYoi2jaSoLqqLOQEf+6Yhx0EofE0d9ZmbXCGutgO62LbCOfMr2rUVuMWMMbY/iHrafV2SBrF36iQusCvnEcgj+92B6jfOAeal0up2fpDj2nbi0WRqKErr7wKuiM47J4gNDjQIVnIMkqtvkSwoJAYufaEs21GRJrOvwjS8H2SzlSBJA/JgZtRfoZaRHyy89jbk9dv5JnLty/7CNkZnySRCHPqFniHeStrumUlL5oElF64snC+XJGvdLU7UUnySULkUm0fpWFkLkzC/ImFg58cj2qTII51ME5IGxnbs161tv8w0SCdrGig9miePe1hbr3TjHB2Is6AobujQ1rMIVJoLIo0FnobACQcABfsX++4BlBPtqHyez7l02zijc3lvg6QByQxeo9S3Eq3eRz2Bv+xt5BrJte0IEw2052MxQ4R468le9Yv9PU4WKLmsCl268pBntKxCmTScyOlMjPL4oB4cQ0IcFbbJ9bJz+qJL/F8iWNwxQX+dbQBJooawQr0ay2oUJ4/KjBeWrF7nTIigqQK1QrrUq9B+GYoG1RmEZVmk5cwNdgwkO2iWPVvXvZA0MCOZ8zZAGlN0rI/bOg56+0cHvQ/XpUsX8w0NIvrGXNuyToi3A9RieNgHLzN2M0G5nPBEy9ss53qeZt8fTaaAwszpjEiLTzqGMpOWerRRCvhFJ3JBeXbVIbjuTDAzpu2bkfy5IEq2CrQ7mBB+COcJlguxEqKfRNgm2gkCGdVIHtjH+A47tdLqCQeaRS73kXZuTxbs5JQys0Z01ssRBk++HFzbfJHXrVyxtV5mOlhkiQqk8VAb9Xlr8Aa9/nDQ/7laFepY5mhPa3zYpugfcwaR1UG8QvvaXxFO+0tlbYzySR6tH+PQ0+MELAhLRhxGVeOTKSRyAb2IX7TdmBy68qeIKmsv5tmUwK79RWwimJY/w2at/cmgROuvkTSQlstYA9Q5TXJ1an3nulJz8eeoJvIAwClxXLNtqEXaqa1hHw56Ou3cK1/XDfNwYXRUu0GFPPPtYZg3iGOtfF3+Zc4BaczQaeY8DeYF4rBfTrwz6N0+Puz5/+7Iezdd2JaccIwwEUB7Ro0P4uskDW+MUU6+P7FcGr3G+tOi/lAEJz4Lg2W/Q4Ux4Aw1o2sX6EfymMPPFUy9oNPWcXT6FD2PJhcv3j2d/jM6wm+Ez2BMf0upmV+a0lo9zpdhwCRv1DrrDKNf4fGrlZUkzKRr4dFk+qrK/EorN2z3N1q2WkQcBA1rUq/ToFM2IQyHMzqpIw64hS4WNQL9swxIY+0zmpz/Y24zPNNr0MEsaUAnDeJo9AcWr5Fpb4htSeJAP2mcNBwqy8pnGl3x768xzzLiMMK4BUzzS1RhXkhg94C2YaSh50LyoF7bxjHEqUx4fHr+HliXj2qtfjr/HAb700oldmlKa52/ba9Zdzv+sbzq2qUxA2U1qPBjdHb+ErJ7AyQ9NiOPPHEQrDxhDA/7fKsqLW/9EzqonSWijChxkJzWz734k4G3AX7Q79VKZWZ5iJwm6Wa4kEYc17AttQaCQTK0L2dqtSxPBcXYdXoaZa2z5bs0Tg8M+kz7uvt1nh0+1A96RMk1X75e45cb8nmUvc7pmeSfh+62LTk2t4FjXp+i1+PJ9Buo26WdXGj9qaLPMR3rTEF7pD9k2p/rYHNA8cFOiNE/Guj52iZv+5A8YCyfBDoZD6MqwnB6oiE9caBRXDR4ytjZFjunj6wpEJJGbIkKOEwxS3Gb4X3ZDI83xLK2RNvWThrUKtSB13lJB7998aJJo+f0KkMa1J36coYLXRtZGiqip9OJYxN6NU7AxKWojM+m/B7WjGRB7CkYz8+gDgn65NJskMbaIaTLLMun9V74Q6adJBAC49BgxdHpnnLX65xJFASK53WeX/XM+OxiIXGgwewAX5XHpvdPTqc/PzqbXsRIg3mjo9klKnoaQ9kMJyQLhQMU/S4zm8Z1ozNU9imUmdHBKYx4PyFpyuhRH+LCsYnyF+rF/o77TlV/Rrzd6/ARFQecfk7HZXqyaOjjJwG8bpuMQRbj+R9X7UFPqI6pMAKLDuJPQcIYWZQi784RCDtACAwNf3jdpjAaeCVx1DnASRrY1/gyPCwz0+rvlVFY57xGyJHGkC8BDJr9x1HXWnQnxPak4cHA80qnA9FOAupsS1cgdeAYQLlzy5/QqzGjRz0gdmmEmFAflO/U9GfEW2JlH0t/TSFDLrzPe8CulOHyBSwJQD87/kL9Yjrms0AavmhQg7eRL6nY9RgTPwrbnXJVH9UDdoU8C9aHGDuhzaRUgXmnCATAvQowPOoExF+0KDAu4HGg8WrroI44SBqYizyPEXyFDjbnlTYniVG/QOzobVzdkM9VCHDgYsBmjDb6op0119mW1Mv1J/R/qDC/+Qw9GiGwvB5QJmrAEI8upz2ZER88y43pKH6sY1WCcuZII5Y3daQQO44FnP33ORCfIJ9Gvq2PPYpvW0m9CfYztnMoGLZPU6AjcY1Vxy4/QW/e914F61UVUUQLRWRnCGR0doG1eXW9aa7Nf0L/Vh3odLbzoiHnZllo/NoHOYljhNmKJw6HDnofvI2XsUSnhwf946PD3j+4W3JejgDblIMZ7ecTon3tEhEMY+WzZlcIy3XGBOVl+pNLwzP04n+2rG0ywjKoCzFYpgfu0XhlSIPPUvA8ycPbGqalcasKP+Rvx90yHVkmsPLGlYaVAh2i2CG9/TfQzDOVGcqJ/ohjkXjkYfcmXJvi2v7cEcblU1aMsWQMHQnZSoF+xDtWn9r6ZEwp36ixm62KM8b/zAf0eg2G8F04t+JAB/Kv44YdIG3kWomDpLFwmcqgaxrz7yQOeBtvbgVY6yvR+JMc7GjD2mfNrBj7EGTlkhDTUqAXDUht5AFdMkaZZYaSlp8xYHlj7PJAWm9nMD6s1xbmVTbs8mX70BAj/yjBIt5iRLJKyWKhcYXue1jifcBnFuijcc//KnLZMPJE1TX1QbD4gXKsd4GHZxTWhbKqPsVL2Cylb9jNsqn3aXYUVwIBBYAbbZq7vDY9oyPbb45Dp4yRwTU7SiPEMcPehlYqs0wF2njZLlMd9jXI48eU/JVCAO1qJwQYsP45tin6nbaGxsduFmA57NvOCKIMOwvN54p425/C+NSARGfPYbqyYacTypwzyoizehCHtPyoQV6UB/Dk3kL0mWV6uvxCrJAXdZl7LKJjYYyGh73HWS8QyX1kjGGEzxoP6kpBEQb18WRMfJ1QHwr7HQVpW3W0nkBGWLoCuB40gukvthQIOnIGP3YG6Fo7cYxWLFPR25BlqvU6B40V2jEzIUCbVjJrRt7ew3CkgbyjikIHGki/JIREvq/hGb9ej/iNDuhk/2FV0KejxEGDxrEHI7bUIDM/6J7JA9e2Lni2EHkwD4jHCs/b/FDvaF1x3+ZfVMdoJkEkiOQJ5JVANAWEco+C8mebCPMKhXhSEJcUxSZQs9lgpDT04Qe+U0butyMqXLrS+gIdy3Z4nNdej8w/W6SieMa79OhEmUfYgdEJNDsDOsLSAZZ5sOCFLFMVBGqDZK590ZYZ8mC7ok0LGb6weJdfaJiRd9TD4HO4RyPoZ6F19SWW5XSDAUCxxv7DqnyfZjqI/Skd6oJw0SNjU5BvoQlVCZ3cko4lV7YP9UMbVT7uXIVBKE9SUIb/VeR1wi6/XTizX6MetzKNjYhWHamS1zqBTNDjbYfHee31yPyzc+Vcl2i/5cv7eMbOgoJbtiO7DhzGVxV2xDGTZaqqII3mQ+OVb19c243y6AORSOYBKTVrZhk0sK4P0ShFst44CnrZSRf7sSMNlBvNN9QJem1kH1AGl6wWGnbqtYZOtU3UooBIZAYB115oWxu/UQexOVTwwY6Ejm3fUsDZvp3As1OygiKWZsFyCEyYiDoxDgNqK8Qhy1Rha9QezowD9Ac7a15WKvsHhX2EfZX9BLLAw1B2soF8Mx5GnTPnorpB59o8H+StocfcSkGIGTCZgxnP1abTXGESUQgB9PEHEO7VZNJnBk7mTs0X6Fh+SQgdhssG6EvYDl5SLtL5gYjEs02F+bnikJdix6YQKNybIw6kXcelx2OrD+dtRL/0J29TrQawohRod+ZkvweAPmo9Ctcn2C+cIB094Vgf4fO+n2IWb9fRU7IovRRmM8t9zGYzrx91pFBHSqgf+3TuUXsJ3Wmg7RJQlXrZzLMf0TeXYno1qFNWQ7laigD6kyUOJMp4kmwv9u1GCQQdPUMasY4ERTMH0sRmbRutRXKpgMJvxoaFoSwOrDDKhhFvBxsAqxwvRxwzWaayWG/7A21N4++XR3lNWaUXBxTSZfoq+9iq59a5j3IyOqJs6/kwPpYf7rNf53XLGITYc3XHpXrZsZUS2dZ1qrvOXcl/dDq9zwkJ9M20CdsMdtAuI+KeqtwgMtNQipAGlULntx08fJbxxwf7lczamC91gdhZJZgV2Rt6Prw1J7jJQWc7NwxBBsS5xCUj7r7yzXeh/E+NJ9OHnjhcHvA2jFL2S3/yNpUDpd4z2pd9DLAXK4d9g8I+C7F9JDWAzKdYJiVTldGRulGa0i1XlRnKXSUhZpWOrZwucrkGArBNM6XVbbSjf5r9KSQOdyNxgSrPMNIrPQ0qBAXDjrSXMp5XhYPSX6wZyOuCcu1sbVl20Mu+tolBW1nnDklDJ8l/oPz3wGJdExiIA9NK+dIfgNnGgcHBfvGIbR8K4u0SVHhmv6Sgf9ATrqyPrKo3dIjq6PTFfasrdaNAv8Z0c7qzTAhxWSaN6+X0k/NiBOh1gDxglkAfYTKjHrA/hVEuXCmBOGMNIx1dG0a8QmcPScN3JDz7NdxzepV6A8Y/hADy8eRFMFBmVBckhb02Xh+UPWMchWvMPG8qjjSoR4w0sOPzCGX8l5nN3j2UL/0Biu0eMHy3IBnDt12N5kuHfnM6Is7qPJ+6ghjJ4kYgALt5qbS6HVYWttPa4eFh7/EwPgwn4cW6YRRujTYKnDPWiFMwzlHScOWNzi6+gnTf664TZT7hwsvOLBfil6RoqJHPnA4uD9yjLnapjLM1sioGnycxlw768vXdS3dd5hwjjfD5lDQ+zfKPB71bOP/Ineee4T/HCpNJWBAQBASBRhCgDYVt9FyAsCUO2sdVCviHViVcdB+FP0SBGaONaxrqpaTh8iN5wBV4zl3DeH/9aND/WXcdnlkWl7kojixQFt36MJkP4x6yvvYyCAgII7pOncYb/3CJwN3J+W9Bn09BjPM0wsdRp5nWih7Oa0ab/wZpvBDel7AgIAgIAttAADY180OXuuR/g9yYQGCk/To+wpY4UkM9N7PPA5QnDzz8Cgz5G1GphwV0HucAAAqkSURBVDDGc98LQf6WqFDJfFb2GveRhc54GEV1YQbItxCBBF7G/0FPo5X+Uzz/Hkh4TJVSn1b4g14JtjiI9RuU0T/KZ2JiifH0fIZ7rwKb6Xhy/m94XA5BQBAQBCpFAPsdr9Pe0Da5jGH/+MXP6ATbpcmfadTycYWvaejDxGWMtX3WGO952HxwDeOJOtm3o1AfbaMXfSDhHGGAgEoBsCjvfHxIGoGX8VaXDppyP4M/OW+Xp+Bl9EHtvwzieODSrDqjwooVUkqBaMy+UfrHicecnJ5fjihnF0IyAEsOQUAQKI4AbMd3lFZPWHuTPoZwafLgoxsRiDHW0DMfigEpzH3rFMbPehJkO4T9t8xzz/L5pYL0vG9YURhn/7ZJpYRhzHdYCAXlJQFpnC8hjU+rmfnbdD+jD9388tSbD/svz5R5m1IaJKLvKaVe45oa8kZwg0PrRGkIf9plBcmgTb62QUnyqCDQWQRE8TgCsGXZTXGj7q1rR5N4EatjYZge5lJFv3WKNLD5WuEDwdVHalwzRAGjbL+4gnOtv1oJEvjuUEMAbV+3RVwPYg+tFD2NTxtl3o/03AR/Yfhc/1fszcgHSWQ42H8c8iT0f2p42E/oqSFsSTA8K/6TLMoV0YB7DPdNIrkWiNIgGAjw/N6QuF2Y30GxcnYhBFMATkkiCOwiArDLs+Fh78lFdTs5m/46ZTQ5/8fx6fRzdyfTcwrsCJfaZ2sTiMl6H4vKXxW/FaLIK+U8DRrU/D1ex0jjzqD/Z7xXpfCfZFkZ9Eg0e8PD/l5IMC6slfkkBd7M2iRjlHrMijFCMFU2ouQlCHQIAX5lAc7AJUkhlQcpOdjVoplRf0VRSr/XaPU22MIeRSmFk8IsVa33p7FbX1Ro+Pa0+kimJK1fQXytHkWmvMjFl0/Pn8fS2h84T4MGNZ8s9DTqII18eeE19QuvXfh40P8JiiWYFSSDVn5Ecc8WPZuCBIPN/q8UzVPSCQKCQP0I0GOg0GtISYFegyOGGSb/idMCNhzzUJPARlhiwPkW7uGEz9WH8RmtTptNwTWzosInL436VZ5T+dLwYP9NabjxEw0ziWNP6y8DwN93CgC1q+Up7Hy7uEQnH3Lhps970A+zgS9T37Jlk2CupHfreGC/b5JZMuN3bSisM6Vs/iRbCnrfc9DRzlYy59PpfZLLyWT60bJ5S3pBQBCYR4CkQCExxJaT3Pijx0BR8BowtvPEgCi16s/ALs4KyPoEskiDmLFjxVx6KgXP4y3uuskzdYsRh1L6zy6NeXNqaF9IEs23qRT/6OLx3KTYTnI2/Ze0zOf3dPLDabiyE79rQ2GdKWiTSgkGDu5tkgs2cV5k+2ckJRcSTGUVkowEgQ4jYMf89T4DPQaK8xrsBI2kQFEgBhNZTlLF/jg9nmLyN4UtfgRvJPZUdD8baZO8rO2BxEodn56/Jz9rpuEI09JrCa+bCC8iDoDxhyQObHC/n5vdTpfjg17fhQGyCzZyZkeyncSon/IFmtn3+3BDAZILheRCWUQwyqgHVsropZUlFxIM+0dGSC6UswtZGiuDqaRtDQInk4vfCWV0ev4f9Bpiy0mu79sxnyMGrVSp5SSQwkOIJQelzMcp+XGL6+TOoNenwBbf4gs9KOebAM9ASh9J6ScWPDCaXLxotP5Uevt5nrk5w7MTKA9d3VX951XEAfD+ICSO+jVaXQI60p+vTrX9FCQXyvCw97iVQc97MOhUH6Mo7HOtRS76imBGk6mdeWXOKbmcyNLY9jtBRzQ4iRl0GnUr09PRaSqTi9dHGZlejiZe5vtirH8ibqbMH4WCcfAuBXKA8eul4ogBl2rVHz0GTwzaqM+TGBKt3kd7GgiJ4TaJgTIc9H+Osipz3scE8XuGg14CsWM40Zq/S1hkCWv9t7BYsBMaalTKr3XD/3kBnsgnMcNPXBoq58J1n6lPbKkK+liPoyBxeEZGXj5cl+7wPD44QudF/u6b/di/N3+Jj/cPD/u/h/jOHEeD3i9SuM81JMEE5MJ+gE7xMQyqV1JyKYetviKXZUtjsjTWrq7Cvr1IMDP/jBdr0DFbdwadZ4wJjotr8Qadxr2QUQ+NOcPoe++6FjVQOhVlnoAdC0QlQNIJgpUfJAfrMThiQPkf5xgJJEMMx4e9tw9BDkcHvQ9Xrk2a4dHB/rPwTuwPdK46E5z0sfVPiVbvVekfEPmT48M+f8Lj+9Ionr7Ej7qlIuKwamJqcG4D+OAyVp0kwgEEz+MD6DzovCgQR6L07w0P+795p4bXhZH9Vo8cuSTDQcR7qWtpbDL94min5PzaAE+mU9RtTrAS8HCRIL19nz9yLmSc8dzKdOzbi0Qp/QNetE4Ne2rQNc7NG3VV8A9zGJUKvyQciFETTI5SMS9hqfYljO08MXC2T3K4Wk46vCKGIcihYPmtSJZUroU2k7uT828F+X5pOOjVumleJXE4venWIexnxyQRDMK1fqEX+Sw87r4y/Zyyg0jZPxDw/UTp3z0a7P+xjbhhHyQXypCeCyVGLpssjSnFic0OSWCAldpHd5kTeN723+/GzkiPuRLm4GpOVAf/UoNOwx4YdIVwzKgb8xLHmhPYKRr1osLvaKWy/yT2Ua/lsHeI/ptKn/+q4d3DjhFD0bZP5hJWEKGVfsplM6yRPOogDqc3z9Cd+HgSwQDkNW9tLCeT6UdJSDpRb7vOzHz2zmHviZtKHtc4xEMkFkotS2PxIiU2jgDHxJxgkvVokSCbi7iYz2J2fiUw6JytJ5hAOcEYLGrQmS416D2cCxj1w/67OdacQD85SiKQlEy/MjnW8p5BIg3hwU7Gc6VSN3GEyqIDZzCqYimL5IGp0oshIZmZ+vxw0H9nWLaEyyGQI5f40phSXE7dIbk2wFhK/lBMhoEXV1GY2M4J1sv5z66ignJ7cem/c4h+bwUGfQhxBp3ncj1AUjeNQMY4rls4SMP/Kq1S+jfU9V+4lHUdu2aoSeIIVcSsauKuEVabkgjJI8hvtqfVR+4813u7i5Nz9QiQXChDeMQtlreU1+3aAGNj9bdjUj2akqMgcIVAJQRylVX6qRU9EHuB2dDf2MCGH9siDqc2ZlaHCHtvah0S4f/2IPFw0xF5+QN5773poPdrPkICgoAgIAh0BIHqCcRVHOuZnA25y3XO2yaOUGfMDIlVhkRIBuOz6RfCdLEwicMo/eMknvA+f0okvJawICAICAJdQoBGsQp9vzuTCciDa5mZuDUu9rTO/FYV9gyWfo9jjSJKPZInET5sjHoLieTuZPpgNLm4D0m/jDR9dTSxYvLEgXooksfRoP+zzENEEBAEBIEuIlAJgSRKf0IZ83dqNvtXLFu9rwryoPcBQF+GIGuzVeKgDk5IIqjjXZKAi+NZK/7sgLmt/Hvr6g2Ip+CUHlpf4Hn7v02EPFJM5CQICAKdRSCpQvOjw94/gDR+afjcMz+JZasPV5Enf2Lk0pgXUoPbqp8cQR2fv3PYp2PxxTyRxOrONKzH8GC/F7svcYJA9xGQGtxEBCohkLqAI4nUlXcV+R4f9N5KIkkSxS8DPlBKU+7hDFGvKaVe08p8kmkQlkMQEAQEgZ1CoNUE0hWkj57tvWN49W9rH8c5/UZq7yl4HU8dD/o/0ZV6iJ6CgCAgCJRB4P8BAAD//2l9WREAAAAGSURBVAMAU0if0RZeY80AAAAASUVORK5CYII=', '{"signatures":[{"id":1775509370826,"signature":"data:image/png;base64,iVBORw0KGgoAAAANSUhEUgAAAlgAAACWCAYAAAACG/YxAAAQAElEQVR4AeydCdQlRZXn49YC1WyCioBVogKyKFCAbDYKFIsIbmijOKgH26WnFfXg4Azn4NKjrdg6jXJQHI8LLa3tQawZaBe0RCxAqwVEkKJEUAuEBsXWtmnWKqqQ/n6ZdfO7GV/ke/ney7ffOnW/iIzlxo1/RNz4v8h8+eY97v8cAUfAEXAEHAFHwBFwBBpFYF7wf46AI+AIOAKOwMgh4AY5AuONgBOs8R4/t94RcAQcAUfAEXAERhABJ1gjOChukiPQBAKuwxFwBBwBR2B4CDjBGh723rIj4Ag4Ao6AI+AITCgCTrAqB9YzHAFHwBFwBBwBR8AR6A4BJ1jd4ea1HAFHwBFwBByB4SDgrY4FAk6wxmKY3EhHwBFwBBwBR8ARGCcEnGCN02i5rY6AI9AEAq7DEXAEHIG+I+AEq+8QewOOgCPgCDgCjoAjMG0IOMGathFvor+uwxFwBBwBR8ARcARaIuAEqyU8nukIOAKOgCPgCDgC44LAKNnpBGuURsNtcQQcAUfAEXAEHIGJQMAJ1kQMo3fCEXAEHIEmEHAdjoAj0BQCTrCaQtL1OAKOgCPgCDgCjoAjsAkBJ1ibgPDAEWgCAdfhCDgCjoAj4AiAgBMsUHBxBBwBR8ARcAQcAUegQQRGjGA12LMxUrXrvkeGZ+59eCFjZLqb6gg4Ao6AI+AIOAIJBJxgJUAZRBKk6hnPeUF4+rOfHzZu3Bj+9Kc/FUKaCmUGYY+34Qg4Ao6AI9ACAc9yBDpEwAlWh4D1UjwmVY8//nhbdZRxktUWJi/gCDgCjoAj4AiMFAJOsAY0HJAkTqogTHGTIhLmzZtXSIj+UYf6UbJfOgLjhMDE26ofoFiregJNyDV5Ew+Ad9ARcARKCDjBKsHR/AWOFScLSbLaRSQsWLAg3HnLD8Ovf/aDcMeaqwshDSFf61Cf57T02kNHwBEYLgKsbcgT6xvRD1CsVWsZ1+RRhvLUs/kedwQcgclEwAlWH8cVQoRjtU2ISEGq1q6+0mbNiZPPyVaWMfMHRz0T+H9HwBEYEgKQI0gSZIm13emapDz1hmS+N+sIOAIDRMAJVp/Axgnz4LpVz6kUp1U2rV2ck612ZTzfEXAE+odAHVIlIkFEstv8rHMVTqH5kCQiwf7DP9hrjzsC44yA255GwAlWGpeeUnGefFJVJThYHK5ee+gIOAKjjUBdUgWBYm3zwQmJPxBxCk0aeQsXLig6bf1DkegRR8ARmCgEnGA1OJzcEuTWgXWekCscbIPNuCpHwBFoGAElVHw4Yg1zG8+uY21OpPzsJARK89qFIuVTrNnyHnMEHIFJRMAJVkOjimNO3RLslVyhtyETXY0j4AgYBJRUWUJVRar4oKQnVZ2QKtNcePTRDcUl+ooLjzgCjsBEIuAEq4FhxUFbxyySP8jegOqSivnz55eu/SJHwP86AnURSJGqVF2RfA0rqer1gxI+wrbTqz6ry+OOgCMwmgg4wephXHDWsePkmQyet+hBbamqJW7dfnIuKfQLR2DKEGCd6u37Vrf+OFWCUCFNreHd9z8q+7UGCzn67bXHHQFHYDIRmBfCZHas373CaeOsbTs4TidBFhGPOwLDQYD1ye11PgCxTuPb91gl0uwpFTqt7HHA0WH9+kdtUvaKllKCXzgCjsDEIuAnWF0MLY4bp22rQq7sdRNx2lE9Iv6ArGLhoSOQQiAmVfb0V8uLSOkFv5rej3DduvUltf3wEaUGJvHC++QIjDECTrA6HDw+EVvHLZJ/Cu5QTa3ith1//qoWZF5oChHo5PYft/4GccpsPxwxJE6uQCEXiHAe87+OwGQj4ASr5vjiFCBXtjjPbOCwbVq/4oPYFPplu+sdGgIT3TAkhjVZdfuP9QmxYY0O8qFyCJ/9cIQNEz0QHXQObDj9Z9w6qOZFHYGxRMAJVo1hU6dgi+I0++m02Ty0PTYKjQ8zvPuee8Mnzr8gnHHWh4dphrc95QiwNtigLYkBEpHy7b9+rk/aS8mezz0mWMI3Kms3Zesw0iw2w2jf23QEBomAE6xWaM/k4cytUxDp3y3BmeaK/3bzGMZGURiyKXLNdTeGw449KZw7Q7CWX/rtANnalOWBI9BXBDg9Zh1CqhC7NmhYJF+TnFQN86QXcvXII+swKRPI1Sis3cyYEfjD2KkZYKNxDx2BSUXACVbFyOLUcQjWmeMUcOIVVRpLZjNRZSLDf7idU6uT3/AONSmcdOLxYcniHYtrjzgCTSPAqTHrgDXILSW7DrUtkVlipWnDCmNyJSLBydXsaDCWs1fBsbFgdBn3aqOPgBOsxBjhDHDqNov3Ww3KYdrNZBCEzvYzjkOsOLXS9HPOPiucc/Z79LLnkI2UTRSB1Pas0BWMJQKMPeuOeYBwamzXgXZKRILI6BAr7GIO25MrEQnDXrfYNSoCPnYsebxiVGxzOxyBfiLgBMugi5PHuVtnICLZu2sGdeuB9tUkEdHowENuAUKuuDVI40sW7xS++sVPzpxencBlIwLebKSNKHMlY4UAY28JFR9o7LqznREpP1vVDHmxLXQfhzzYOSwiTq4iOC0+3AWIsv3SEZhYBJxgbRpaHCVOftNlFnBqNUhnzoaTNbzpzyDb3tRkFkCqeN6KkIRDD94/rLr8a4GQ66bE4i0iYVAktin7XU99BJRQMcf5EMHYtyJUbMScdCCsg1GcG/gMSx5EnFzFM4Kx1jQRv22qWHg4HQg4wdo0ztZRkoRjH6RTx1nbDYf2sWPQEj9vdfppb8xOrmI7er1mo7U62ETttcfHHwHmNOPMJquEys5x7aGIFLf9mPfMhUHdjlcbOg3pl/UZIk6uYgwZf5vGuNprjzsCk46AE6yZEWYDmAmy/yKS3RLMLgb4xzprPr0PsOmsKb0laJ+34pbgu2YIVlagwT84XrvRsqk2qN5VDQkBPaViPSHMaTvO1iyR0b3tZ+2M43sdeGz224K2X6xXJw9lpJgLjL+m+hpXJDwcAAIj08TUEyw2ezsaw3CUbEZqg8jgj9GVXOktQZ63WnX58sZvCdLH2PFyG5Z0l+EiwLiosCYQTmliYa5WiZ5SpXoiIgEiwkaLsM4GeUIcGvgHFg8//EhJE30a9dO2ksEDumAuaFNgpHEPHYFpQmDqCZb9lDUMR4DTthOOjcde9zu+/NLLsvdb3X3Pb7OmeM6K562WLO7Paxhixztum2wG0pj9YY5VkSJNZ1xUWBMIpzSx1O26iMwhVONKRFKnViL5Sfe49im0+tdjHvNNVYgM/gOjtu2hIzBsBKaaYA3bEXBKwAamk4BP9hofRMjzVmecdXbRVL+et9IG2Mw1LuKOV7HoZ8gct3OsX22JjN9zVHWwAL/UqdWgPwjVsXUUysQ+zXEahVFxG4aFwNQSLG6H2I1nGI6AUwId+EGenuktQX3easmmVzD043kr7R8blcYJh4E37Q5ARqqJ+fPnt7RHJCdGIrMhcxHh9i0C8W8njCfSsrExynz2QS+c86yViJ9atRpCfKr1acydVuU9zxGYdASmlmBxO0QHl81E44MKLeEQGdxpDs9ZDeIVDBbH+FMtm7XN93j/EOAWLHhXCaQoFm57IdRFqqzb+5DjMhJi53JV2XFKZ74+9NDDJZPxEeBUSvSLEgKxT201d0oV/cIRmFAERo9gDQDoeENgM2nVLOWPe8WprYp0lIcDH8bpGbcEeXmoGstP3vBNQb3uRxh/qmWj6kc7rnOwCLAmHnjgoaxRO5ezhDH+w21sewpDVyCn7XwE5aZZmA+2/46XRcPj04rAVBIsuyHgPFsNPg6X8rfetrZVsY7yrAMfFOGAWOktQYw9p+GfvEFnSuJPte54UyiNT9opbzo9O7ViTajVg5rD2l4/wuccnJ/GWd30q51/sOWnNR5/YJxkzKZ1jL3f3SEwdQQLwqRQ4UA1ngqftd+yVHJPafaTnsjgbg3y3BWG6/NWJ514Apd9FYu1yOD62tdOTbFybgmu+tH1JQS23nrLMO6kmTX54IP5aZx2DpIw7v3SvvQ7HMYHxn73yfU7Ak0gMFUEi09aFrR2DvTRRzcUxffcY9ci3m2E22X2k/8gn+ngViDfEuQVDLyKods+1K3HpmXLDrKvtl2PN4MA46m3BFUjJGTNtSv0skY4ekX4EGDXpIgM5UXDo4dMPYvAT0uK+IcoxcJDRwAEpopg2U9a7b7hwoYCQIiIhBWXXEi0J4lvl/WkrMPKSxbvGPr5LUFrDkTWblpsxDbf4+ODQNUtwXEf06pbgv5BoP7ctOSKWo4dKLg4ArMITA3BiglTu2+4WILQhOOAdMzCHrq6rWLrj2qcUzpLZNvdhh3VfrhdIaRuCR72vAPHfu7iC/yWYG8zPCZX4064e0OjfW38InuAlfa1vMS4IzAVBItJ3QlhwgHrwIqIRnsKLemYZGcUn9K1uw3bE6heuW8IsAbsLUGR/NbZV75wbt/aHIRiiIH1BSJ5vwbR9qS0AYa2L/4hyqJRjkOsWEv4RfYAK+xL5dJjfeXGJxCYCoLFpNa+13EG1gE3cXplHVKd9tXWcQttP0X8eYxxGz/sTd0S5EH2JtYB+oclfkuwGeTtGkcj/mzSPkRBiiA/ECP6i3BNf+sKOqgHsbL7ia1flW7LeHy8EZh4gsUi0SESab/p2/KbbbZQq3YdxguzF2f0rP2WBewj7NqgREW+Yfjusz4cznz/3yVy6yXF/ezHhnzIsldk/cdxpQRs6lnrpVIIMIbxtwS5JTjuD7IzL0b+lmBqQEYsjTVnTZo0csX8p4+QIj6UWwLEte17VRxixXxDhy0jIgG8kOD/pgaBiSZYTHa7SOps+rb8L3+6sueJYBdmuwfr2zXGtxqxj7Bd2U7yX3bym8PXLv12uGj5N8MF/3hxJ1Wzsjgm28+mb4FCrHB89/7u94H+Z40m/pC329JliZzmkyClzWsdnkbwtWMokt8681uCwxuTUWqZ+WHtYY338mHR6hpmnD0CQkT/7Pzvxib8IMQKP6T1RfJ1xN4DXojmeTj5CEw0wWKy6xDW+eTAItPyTZxeqS4N2z1Yr+VSIU5A00WaeS5M9f37H+/TaNhxx+2LeN2IdUx1cK6rlz4zJhCrNnWK7A0bNhTxfkRwotjEzw0R70cbg9SptwRtm5NwS3CfQ1+UvRDV9ou5yUZn0zzeHgHmuy0FubLX4xhn7dIv9ghLiOiLyFz/ytwhr0rwVdYPUo4P1Ha+QeZokzxEZG47pLtMDgITS7CY8HaY2n1yiH8Kp4nTKxax2iDS22KyTsAuWtXfbbjnc48pqj5xu23DCS/s7AQodhjtcC4aaxEBN/TaPlNcRMKOO2yfvacIJ6+y7957kt13wS7rRNs53b4b1GMD9Ce+JQimk3BL8P77HyyhQ7+amJslpVNwwTq03QRHez2OcfYGu461DyL5aVPsd1jnVXNHSZOtI5LrsR+oKQeZ07YIq3SS5zIZCOQEazL6UuqFnfB1nIL9KZwmTq9YeE40xAAAEABJREFUUHYRz58/v2RfJxc4BC0v0htRUz2EH/rYp8Ijj6wjGkQk3Ljqm1m87h9rF3V6JX7ow6Fb3NArkjss9F+78hKSSrLmll+Urpu+gIik7LIOtOk2+6lPT60sziI5xv1st9+69dTKrn2R8e9Xv3Gr0s+ct3l1/KgtP2pxfDJ9iucHBIq+4V/It3ZzCtWKCMWkSfVYHfiPVDlbxuOTicBEEiy7SFg87YYufmi8idMru6CwoZfN2DoEnEC7/tTJh1x97osXFUUPPGDfIl4ngrOyduFY6tSLy+z//JcEJVZWH+VE8s2xXZ8tUejWDtpLCbZZ/Vqm6XZUb79DyFV8ajUJtwQZp/jUinXXbu70G+9x1W99KH1oer7vdeCxAeKBMHa0Z4U2VZoIacP6ZHTSJ+aHEijaJ12F/FZ+O1Ve62pI/6z/EMl9muZ7ONkITBzBYkLbIdPFY9PiuH1ovImfxLELT6T9Nxdje+w1jkGvRZo5vTrqxa8NllzxKW35l87XZmqF1lmxkdWqtKmQJVV//ON9cx5cF8mdEM5vU5XK4I2nnVmZ10sGuDOOMekDKxxvL7qHVZc+xeSKvozzLUHWezxOIvn8qbP2hzUWnbTLuNFHZI8Dju6kaldlacdWZI7Y627iPIpAPxD0P/zwIwHigcRrDP2UI+xV+CBIe7YNkXx+WN1xe636rDpt/VR5dNI/LScioY5P0/Iejj8CE0ew7IRmM2w3RCwCLSPS+0/iWH3o7XVBWcfQqy7sQdbecSdBJmDU6lNaVsj8STmXuhvZ0j8/ITutSpEqmhCR7Pmquv3c77AXhytWrqJqJr3chkUBfWP8YodMHiQSJ9oJVtQbvuQWxH0SybHOc8fvr84lu97pxbbbbjMxm1iKPK5bt55u9k2Y/1Y5c95e14lDAhF0Me8QHkXAlyF1dNQt10oX7dsPgpRlHcf+BZxte636nNKZKk+frc5Uu9jjMtkITBzBYiIzZIR1NkO7COKFh55OpJOFWkcvi1nLiTRzesXCV507P+2poQ5GWh4CEjuslHPR8oS6EdLufffdnzyteuITt+2IWKGX1zH8x3/8J9FMRCTcfvNVWbzTP/QLrOmbnQ+qR0TG+udhdtnnCO1KFo77LUHGKp5LIjlhvOlfLsv6OO5/WC8xeey2T584/4Kw/NL2uMT+iw9fddvcff+jAuOC3ZBAJLWWVJ+IFO+F2mqrLbP1H8w/ke78na5l7LDti+TzI/4wSHmLM/uGMSOLUkb7ltKZFTJ/aNtcZv2M27X5kxDntTXINdfdGJhvCPFJ6FsvfZg4gsVEZtMnbAcMi0bLiKQXtOa3C3FO7RYqE7CdHptvF3Ov5O/t7/6bOV9b/8GK+u+8wslAQKx94GyvNc7DxmCLo4k3Qi0jkjs8+nXjDzt/uN6+jmG77Z7Q1akFfcJO+mWxVhsJRaQr3dQdtrzguFdnY/7YY48VpjBm43pLELLOnIrHij4xj4pOjnFkt6VHZmNW1YUUAUiVxdewyYHXuTME64yzzm5JslL+q9WHL55bZe0gtLF+/aNzPjypXSKSfYmGcVJhvPDRyM+uW5GRMy1PSD5hXWm1lsEspY86rH1tg3LYo9fk0z/KxHOOsrFOyoOF1iekv1YnaYMSnrNFjjvx1HDS609rKctefErY59Djw277HpmNBf1AnvHs54dYmCu7znxoU6Ecr61BTn7DOwLzDSE+qL6OajsTR7A6AdoumnixdKKHRWjJlcjsiQeLjnydhIRct9Nvy7CY25Vvlc9zSt+47IpSERZ+KaHFBX3Aydgiqfr7bHr3EA8bW2y1nohkn1Sp2y3e4Gd17/CUJ4efrvqWNlErpD/gS5+srrgyuHdrZ6xrkNdnvv+j2SZ917/+ptQsRLSUMEYXjBdk3ZrM+DCXbNo4x+njhg0bK7sgMutXqgr9+IbVgY2NzY5NTsstWbxTWPLUnfSyFLJhWv8FrpACyB6CXSqsP4TnVlk7SEnZzIWIZKc2jA3CGkJC4t/hLzo5m6tWz+Kn7pgomU7CduxJrWWR3N/Ql7g29aij6SKz2JLXqU7qWH3ope+ETQrjgG2bJMOuKs5ztsitv1gbfvyTm1rK7XfcFe6//4GwYePGElF+fMb4WJgrG2c+tKnMFEn+P/20NybTpylxagkWE1UHupfXMqDHOgeckzoT8lh0Np82uSaPeJVQRvNSDkLz2oWQK/ucEuU7WfiQEfpAPZVUffoDsdIyGorkTo46iovmdRriSGydl55wdLjuykttUss4fcFO+mPxTVXC3l5wT+nsV9pbT39fdix/3mcuDHyqvGj5N0pNieRj0CkRLSkZ0kXq1Eok788ojw8bLvMVYc61gk/LtpuTrdYPxOqIGbJy0uveFuytGYgVG92qy78WDj14/zlmsCbYMDVDRLINFrshewh2qWg5G4qUT6iws87YgMudd91jVWUfwP7le8tLaakLxczaruW4tcn6xQ5NsyHt2noiUpxSx3nUE5HQSmeMIXVon7Ap0d/SZBya0lmlR0QCe+JWW24RUrJkhgA/Y+fFQYV5xRw75+yzwle/+MlsDOn/u5xghXlVIE96up2o3b6WASdk9UCucCwsuDgvxtPWi/NY5JqGTo13E/ZCrnBikBHbLgvHXlMm7quIFIusyslZHXXiexww+0JUymPHp/7+A0Tbio4HfWmFO4pEctuJj4N89h8uCpd9d2V2LH/OeZ8LfKq0doNTU2Ng9Q4izjpInVo11p8+dELnmt3Aq+ZcqiwmxWtepHpOWmL1a0NWjjv6BWHV5ctn5GuhaqOjfdYEbapgK6LXqVAkJ1TYqfOr0zGp8hmp9mwac4K6Fl/yRXKMsKfVrU38le0ffcB2sECvzRPJdZJfpZN6FkORvA429SLPPuiFgb4i2PXggw/VUieSjw2EENl6663C0r33Cgc9d2lLOe6Yw0s+mz3xZz/+bkjJqhkCfNV3vhpUIFXMsZNOPCFJ4msZPqGFppJgMWF1PGHqGu8ktDqox2SGXLEg7ILTPBY+wnU7sYscne3KV+XHNtZtH304IuvERCRbgOQh+onKliF9m222Kj4Nct2E7PXcY8O6dfkLUdHHw/mE7QTnBwbxeIjkn0jj+ups4/RRvr77nvJtQLV112c+vTRemj4OIa/xYNzsOhDJ518v66GffWeupdY+bTKvCFUoS/9S85I1Gq8pNnitqyGkeunzTgicWFlixWnC8i9/Onz2kx8JSxZX32rDhrh91a2hSL5ZYz92qWAP0u1Y0Hdtg3DBgvltfQb+iHp2TlBXJJ8X2MN1K0GHxZZ+0YfUuJHXTmcKw3Z1UvbpO8Gwgz4iDz30cHaSGPfX1heR0q1Yxof2EQghsuba74SvX/y5wGt4Wslnzzs7+L/mEZg6gvXSV7+5hCJMvZRQ44IFYIsxsVm4pMcLgjwmOuVZ4ISIiBDMEXRoIotc452GLFZbBzvsdas4demPlhGRkgMk/8EHH9LsLBSRbEO/+ZrvZNdN/dn7kBeFhx95pFAHuWr3cD6ODxvjDUQkJ1a8ziHOU4JcNNQmwvNmtMF4cRurTfG+ZbOhLly4oNC//fZPysbh+9/6pyJtnCJgyms8rM18y5RNw6aNStzOtXjti+Rrgk0ce21ZrlVE8nL0kf5rOmFq3R527KsCt4Xv+8/7KVIIc5jThIMqXhqs7dNGPP9ViUi+RmgXexC1X8v0EtK2rU87a1dXf/sXm1lj1h9RX2QWM67bCb7X6lDfim47biK53jp9thiK5PXa2UE+7wTDHrCgfX0nmLWDclZEJCNT2I2AW9NjE/xf4whMHcFavebWAsRuTq9YEIWCmQhOjTS7eGeSs8XAIiCuYheQyFyCxTdztCzhHWuuJuhY9jrwmOzTj1aM7dD0OFRnZu1kMbOQKaunVjafdPRrGa6bEsjVAw/M/qbcnrvvGtqRK5wWjs/aKJJvGtjIOJFvbcT+tauvtElz4vQd3QjjzfNm2sZ9990fcJhzKg0ggd+O/NVNV2akin5cf9U/D6DV5ptodWrV6bdMm7COtYAwroy5FcZfhbmk88C2i19gvmka9eOyIvmmrOUoY3UxnlqfkFOrXfc9Itx9z2+5nCPoV7tSIfnoR+LKIrO2tFsLcd061/zWKzbZtuP+WT1gDx7YbNNFZu206a3ijCHrXsuI5M+Z2TTyrK/juhPRMbR19F1g9AOh/wjvBKNti4WtJyItv3XZ7b5g25j8+Gj0cOoIloW909MrFoetLyKhygGkFoFdUClyxzdzVD+LXeOdhH/xureFhx+evZ122PMOrFUdhxb3BRu0HziI+DkA8ls5yVoNVxRKkasVl15YUTpkzyswPhZjCutGx6ZBH3BspKvUsR8HTd/RjWhdG1al2zIeTyMAvvGpFXMrtWmlNbRPZX4jtMU8sMK8iYW1gDBfGFsr7VrDduYb5WgP3dTnWkXnpV5jjy2DDs0j1FOrjRtnX7lBeq/C/EeaxDq2ib7Z33olf+HChQRJofzG6NtsIp0TK1XOGGpcJCdXFmuRXLf6Oi3bTfis/ZYVvmjduvXZB13aQqr0iUjxgVzHop/jEfzfwBCYKoLFwlVkt9hikUZrhTjJuKBdNCL5Iq27MG67ofzaBBam1d/tYr/+htWFGvr4lS+cW1xXRcAFh2bzWejYwMkNfbd9pZzmE29aOiFXVRsYGxQ2stGxscZ9EMnHq53tYGMdtJYXEY1m4ZOftF0W+p/OEEjhy7gx9zrTVC7NmKObcUeY3whjyVy2Uq7Z2xXzDttpn3Zpz2okn/4xLzWdctij15RBB9dfuuiS7HS06tSKsuiDsFG+E6FeVfmm0uO+ieTr7lc3rZzTRNVapm91/WqslHGwaRZn0sGgW93UV6GfCB+S4za0jIYiModQ6XgH/zdRCEwVwbIT/+fXf6/2QLJwWhWu4wBw9qoDp6hxDVmYGk/la16r0LYhIqFdH3E+9M3iIpI7QNpBHyc3xFWwDaek102HdcmV2h5vYCK5/eqwcNpsrNZO+tDOqe514LHZO2ZS2ND/uP71V3/dNuHxNggcePjL5uDLuIBtm6ots5kXzFvG3I5dy0omU0Sy2zMieYhNrG/sIjRF50Qpw7xLzTmR8rzUyqw/jRNuu+02xa8GQK7e+8Fzst/sIy8WbY90CBvXKaEPlLFCOXvddJxnXeO+cWofrxvaZcwoG69l7MZO+ka5boR5UFUP3VV5ddJFpGUxESkRKdpDwIB5EvzfxCMwVQSrm9Fk4afqieTP9bBg6jgA6+zjxYVDtm3E+TavKo5Ds22wiKvKko5Ti50PDo16fEWYflt91KGv3dhG3ToCDvEzV6nbgrqBWp0i+QaG/ZpOudhp1+kD9XjwVPUQKjbEEfAhRHbcYXsCIx5thQDj/Ps//LFUpM64lCokLhg35nQ8b0WkIE2MI0SJ9lLC/LHCfGd9YzO6E81mSehiTTEvUnMOnVlB84ey5jJ7ju6mTT/1827PZakAABAASURBVPq3nBEgV5oPOdE4Ie0RthMwsfaI5OukXb1e8vFFq82zrujC3tQjGdgX4yqS23hHl8+g0h7CeBDGIpLrj9M7vWZMRaRUTUQKUkV+r30I/m+sEZgqgoVz1dHa+5DjNFoZxg6QgiL54mTx4HhJ61WsA4wdaR3dPEC62ji0RYs2a1kNxxM7NRzgHTMODYfHV4StAnAj36Y1HQdriwMPtMfkCrspZzdQkdnxsDZVlbNlUvG4HmXoO9gQR3bZ53CCQq5deUkR90hrBJhfdpxF8vFrXat1LjpT46bzlrWqwjh2um7RH9tsLWJ+MDfjNaXt27Iax16NE6KDENl9/6PD1auuJZrJLs/cOfDCz+xi5o9IeVOfSUr+x267VrAHHJKFG0rc44Cjwmrji1Br+8Y1Al5gYO0TyedCUzbG40G7kOum9KMPXfRPhes7ZvwoeS6OwEgSrH4Ny/MOOaBQ/cADrV/cxuIvCm+KdLs4cXSbVGSfpDWeClOf8lLlNA1yFT9AetsN39fsZBg7HpxDq1ti/XQYvH08xhp7YnIFhrHdVRtGrK+qXAxOqh62xOUee+xPRdL8+VO1hIp+dxMBX7uhzps3L7AhdaOLOqlNmnSRfKPudd6m9GMzbahwnTrdYt5UtQ8OWp+QsoQve/Vbstum69ev5zITXgC58ltfyR6WzhJm/tTBDJtirKvsmVHZyH/W6Lp1jxa6RPJxKBI2RbCt7lreVKWRAJw7JdeNNOxKphaBqdodeOAbh6ijXXWKFTtAyje1OBct2hx1heCU9EKk3idTLb/b0mUhJlfYqfmpMO7bFlv8WcCGdrfEUrp6TYNc8fZxqye2P7XJieSOO94wtGysLy5n8zUe44IdqXpgpXUIb7+5u1dpUHdaRJ+3sv1lHabwtWVaxVObtEg+L+oQkFa6dR6lSAA2W+JCPD7dYu6k9Kdw0LK0edOan5eqnfHOtwReAGnnnEh7HwE21qZesS4Zlbjgm8usH7DQbBEJqXGgL9Y2yoMBuBJvUkRmsaKNhnS7GkegNgJTRbBApd0pFg6AclZ6XZzW8dz6k/LD9TYv5ZCsHTaOQ96wYUORJCLZMxwk3H3PvQRzBCdoE3G8ECtrg0iupx8Oz7a9z6HHB0uusCXGmbGIN7mqU0TwiMvG+mz7Nh7j0qqexapVOat/muNs9k0+b8U4My9Sm3Qn6yc1Jqo7nkcis2sinit2PjCHq2zA5hQO2IFO2+bmm2+ereV3/vWpZHd0egXeFhts6uda3uvAY4L95jIGL1q0aA65wi76GePVzzXEWKAfwS4XR2DQCEwdweIUS2T2kw0LX0HHCVoHIJI7Vs3vJsSpaD2cncYJeaMvYaeCndYhi0jh0Pih18OOPSkcduyrSmqtHZphHTFpnGbhlIj3S/hmFPbzy+3aBm8ft5sAGx32psYidcTPGFo80FvXqdIO5VVa1cNuLScyO4c0zcMyAuBl55iIhDtv+WG5UM0r5gT6GGc7L1hTrcasjvoq3SKSER1dE/Fcsbqxw85hzTtk2Suy237WZpFc74c+9qksT8sSvuUNrwm/uHH2FS7MbdIRkdZzDnws3lU2oasJob2HzTv30MlY3HZD+UMk5axdWi6FF3kujsCkIDAVBOvt7/6b7DYYCx0naZ2dLnzybDrOSR1rU4MdOxTbXp02/vyYkzKHbOstXLigIFfoOOM9ZxOUhD6XEqILkdzh//z6y6OcZi85teKbUdZ+njGxbx9nQ2ETtS23GgvGTceQOiJ5X4i3EtqJcWFzqKpz1Ete29FJQpWeaUkHWzvOrcawHSaMMXPC6qMO4xWvKdI7kSrd8Ukp/anSS99SdkCu7v3d70vVKItfecFxrw6f++JFpTz6897/9fZSmr0QqSZY2GfxoZ2UTVZft/FT3nT6HD+0xRaLMjJqdUJcY7tE6q1Pq8fjjsC4IjAVBOsbl12RbY7WAemAbbnlFtmL/GxeU84J523b0biGt0UvG9X0VMg31+75zb2lrAUL5gd+JkUTP/CR84qf0XjXaX+ZJePgskjij0ju7HD4iezGklKnVttss3VgQ+EZExrCGYOXJUukU6Zqo6Bv8bi168seBxydke1UO7RXJWtvv7PIAvfiwiMlBFLPGXW7npgP8RjTGOSHeUG8W1GCbecPurAV3fakFDvISwnlU/MT/TG5Qu+SxTtm5OSuf/1NSR15pYSaF6wbMLLFq2yyZbqNg8WqH11fqo7t8Tv3KAcptgUZt3br05b3uCMw7ghMPMHiQfB4kEQkbLfdE7INXn8XSsuISPGiP03rNrTO+5Yff7etGpwSjlmFa5wnYr+5hiKc2lrzI6kX/OPF4YIvXUxW2HWXp4eTTjwhc+RZQuIPTngQzu6gw1+evc/HYsGp1c3XfLuwiv7ijG0ZEcnGpygURcDEJtGf1EZny4Cn/nyFpou0bodyuy09kqAQi3uR6JGMuKaeM2o3LjF0zAfG184HyjDG+bxv/buRlK0SJSQxwRbJ50FsK3MmtkN1Y09cnjzst/pFJLz0hKOz9RgTq/nz57ec5+irEmxj3dh88EnZZMt0E3/jaWdm9lssRHLMrD7FN1Vu7erux8224fFRRcDtihGYeIJlHwTH+SAQi5+u+laIHSHgkEc4KOEETdvCKeGYVbjWPA3nz583xyFf9t2V4W8/9iktEl736pdnm12REEXAoB9OOGom7LrvEeHf/vDvRXLq1IqNlP4WhWYi7T7pUmemWPG/XX923/+oOZsDlalXZ7ztO4ggr9R1mUWAW2GMiZ2vInM339ka6ZhuzvF8EMl19TJnVXdMSERy3al5EPfJWj1v3rzkB7Fd9jmi9OZ1kfy2HqfocX3m3+03X2WTa8W1LxZvKqKPsGmBXF2xclVJ7dZbb1l6NIHMFOEDpxS2lHdxBCYdgYknWFUDiDOIHTkbe1X5TtOfc3D7F5mik5OtrbbakmhLEck3gvi1AJCrd7z7fxdO/dCD98/IVux8US6S6yDeT8EmyNVG88O0f/Hy44OeWrFBgP/GjRtLZojk9rX6pMumZyu121RoZ/362XfzUBen364e5RDqEyIiEr7/zX8i6jKDAMQKfOJbYeDbyabKBx30VM2HTnTNmFX6326upXRTJ55nVin9S5G9w190cnjssdkfYxbp7IeFbRupOGs6hRP21J3PKb1xGl+UOeOsD4dPnH9BOPjIE0NMrmhrzbUrimqKF/Zpoki+llM4aRkPHYFJR2BqCNZmm82+3RwnlXIGrTb2TieC/Q2/dgTqZ9etCNtss1X2Ews4SxUcmUpqI3j/hz4e3nr6+8LGTURm4cKF4ZwPv6cgW9bmP/uzRXM+cdr8puKxTTyvRB8+/pH3zJxoHZmdrG2cIVYWf9qmTKqP5KnEmx51NC8OU6dWIp07fWtnO/tiGyb5mjUEsbL4iNTHl00ZHYwpH3RSenrBW/XHc00kt7GVbupUjR0fwlKkgb7cedc9pWq2T2Ts8JQnh1btUiYWfIGmoQ/Ra0LWQMoe8rqRz/7DReHkN7wjLL/02+HcGYL1u3/7Q6FGJMeuSJiJQI5jvLC5037OqPL/jsDEITDRBGuPA44pBuyVL8tPlHDo1kmJSMdOr1BaMwKBalf05mu+k91ywFmqtKrzV+88K1z4lf9fFFmyeKfAL9QfcfxrijQivNgUJxy/f4u8poVXQ8Q2rV19VUaqwB1HbLGnfZwx9hFvJWxgNn9undlcnH7q1KpTp4/NqnXhwgUaneqQUytwicdxxx22r72OGJ/UXBCRAIHpdJzsgDBPsC+lv51uSBl1rT4bZ86tTTxHtNvSZdmXaGxZGxeR7Lb+dVdeapNrxWlPJL/NaCuI5DptWq/xZS8+JXz4/8w+amD1LVywYM74gjXk2JYDI/yXTfO4IzCtCEw0wVq3bl0xrh/94JlF3EZ6ceZWj43jePRaZK5z1Lxuw30OPT6s+N7VRfVDDtovrLr8a9k1DhkyoMSlk28qZgq6+KO3BO++57dF7VNPeWW45zf3Jp99Esk30rrOGDzthk7fioZMhFMryjbh9J+13zKjOcyQ1ytL151c8OJXbrcQdlJv1MqCLadW1i6RfKOv+3uMkKt4fERyHaxF5q/VXycOMcI2yJGdJ9QVmZ1rrXRjF6SMOilhrqbSSdt1l50J5ojIbL/mZHaQAC6QQ+Y9diCkdaCiVtHb77grWY6Tt18ZYgneMdYieV+TCjzREZhSBAqCNWn952dYUn3CUZEu0j+HYJ18046QjcC+pJNv5F18YflTJ69uGNSnSMjV28xtSugkGwEnWRYHizmYtNrsKKvCxmn1oDvVN3Dh1Couy2akuuqG/L7jo4/OviV/zz12rVt1TjmeZzns2JOy2y2fOP8Lc/LHISH1/jWRfP0wlnX6oJuyJVcinemI22FusNFDjOy4U05kVneduWbtor6KSK5Hr1PhiksuDPvuvWf2O6MiEngAnHlXF5uUzjiNPqTmfVyuyWv9Qk188gbeth18apN9tbo97giMMwITS7C+cOFXi3HZc/fZDRJH1bTzKxrqYwTCyGZiNwLIlb5Hqo9NV6rW560e31RiwYL5gbi1kSyRfJPq1AmzgdqNs4pcUS5ukzHudkOyv++42WYLAxso/ehUOLXieRat97yD99fo2IRgy0mkNZiNt5OxhPzGmzJj2YkO2z42sRbs3NB8ke7mmggfDUJBkpg/SF0bv3Hx57NbaJS3D4CHMfr3ofefEZbuvVfgNxDpe/yFGu0KY0dcJMcan8p1H8VVOwJjicDEEqz7H3iwGJAVl15YxPsdwflrGyK509brbsPd9z+69Lt96MEBDpNcHf2S15aeAROR4mF77ENEcgfMpsN1J8KmbDdQnHpMmJ41cxsv3mhF8jY7acuW3eOAo+xl+OVPV5au61xwKxBixUPClOf5uK9+8ZPZu8m4HgdpdWpVtfGm+sXJlSW/Ivn4xGOZqksa9ZkLrCvGGrHzgjIiuU7WRDdzDR3U0/rESZs2ef1rXhG+fvHngv4GYlX/GTvFqqqMpzsCjkAIE0uw1KmLyEDH2Tr/Xh21/lbZ+vXriz7oD8EWCUOI7HPoi8KvNr3ZXNG1/cakXhwwG6qOH7pS5IoN197GoxynTb1ivm7d7CsduO2D3k7kox//TOCWILcGqXfozKkVz8cRcj0U6bBRsO311EqbtCdXjCPjAwHldE8xoixECqFtBCKFUJ+5EM8v6ojkxAqdXLs4Ao6AIzBKCEwkweLWlYL8tMU7abTvIRuDNiKi1ENTOgvZbOLfKjvouUtLPwTbmcbeS7MxQq7uvz8/HRSR7Jag1cwmCrmyaZ3E25Gr3ZYeOefBeZF8o+3mtKmVbdz2aZVv8358w+oANp/+/JeL5NNPe2Pg5KpIGIMIpCYmM4xnJ6dW2k10aZyQkw+IFQSU073XvvldgTVDOYgUQtsI5atEJB9vJ1ZVCHm6I+AIjAICE0mwXnrC7OsZNmwov8wnLDG9AAAMdklEQVSyC9BrV7EbQ7fO/8z3fzQjEGw22jDfCmSTW/6l8zVp4CHk6uQ3vCMoucIA21+RfNNjEyWvG2lHrsiPxxNC1y3WsY1s9pq2aNHse9M0rSrkZ4pOet3bCmwWzJ+fEat3zRCsqjqjls5LMiE61i6etWLe2bRe4uiHWKkO5ridQ5quoYhkz0Qxxtih0tR4azseOgKOgCPQDwQmkmAddMC+4T3/8+2B8NyPvq8fuM3RaTdnEZmTXycBAnHR8m+UivKAPt8KLCUO+IJbOZw62NcwWBPYAHvd9Og7t4JULzotWQNfm085NlxbhrRexG72t93w/VqqTvxv/z184O/OK8rywti1N18VxumWIG/dj1+SCbbdnFoVQHQYEZE5ZIo5hTQ5xh2a5cUdgRFHwM0bZQQmkmAB+F/95WvC8i9/emAbnd2ct9vuCZhQW/TUyhIIPT0Y5AP6KYOXX3pZ9mbnVJ5I76dW6OV2qO17TK44+bD4iuTtUrcpgcCpLhHRaGXIbehnPPv54cabflaUgVTxwtgiYQwi9Hvjpl8CwFyRZrDlxJNxRGcrEcnbg0ghTqZaoeV5joAjME4ITCzBGuYg3PjDb9Zu/uAjTwzxqdXOT3tqGOTpQZWxPC9zxllnJ7M54WBDTGZ2kAi52rhx9jYum7JusuRBrqw68pto1+okbglcK/2894sTn+w9X1ScERHJyPw4PW+ltwRtv3nNRqu+z3S11n/mDSeeljTzPBpzJpYm2qtlVEUhT3YEHAFHoF8IOMFqAFlub6kakfanH1p2t6XLgv2tL8gDG9APVlysRYYWcnJln5dRQ9RGve41tORKRLKfC0InmNo80sBGyRfXg5Z9Dj0+vDV6qSqvYIAkcDt60PZ02x7kKr4l+PSdF4e1q6/qVmVWL7+V/KrspapZwswfTvVWXb48jNPzaDNm+39HwBFwBHpGwAlWzxCG0u+QPflJ29XSyMnMhg2zbwvn5yiGSR6s0ZwcpU6u5hIcW6vzOBjYWhAVriFX9vSDNNom7IfQnuqFQGpcwy9ddEn2xQP7Bv2MWN3yw+InirTsqIfcEozJFdhe/Z3ZF/N22ge+QXng4S/LbiXrc3rgw4kesmTxjp2q9PKOgCPgCIw9Ak6wGhhCe5vl+qu/3lZjTCwgV9dd2fkPwbZtqIsCbMDxyRGkg024C3WVVWIMVD9kx5IrkfwZnUpFDWTY9mKSy6nVez94TqmV/3vu344dsaIDjK2dqyK9YQuxOuJFJwe+Qfn7P/yRJsL2T35i4HbguL37KzPe/zgCjsDkIDACPXGCNcBBeONpZ2YnIbZJiMUokCuIDaQntQHHpMPa32mc0zHasfXAgGvyLNmB2OmpFvmDFE6tICT21GqbbbYO2HrCC5cN0pRG2gJzO7a9PG/Fc2iHHfuqjFj9+q57Cvu4HcgHDL8dWEDiEUfAEZhiBJxg9Tj4hyx7RaFBpPr5KwjMFStXFWWJsFkTDlMgNRAJS2ywpx/khrbi0zHFIM6j/SaJHX2qI7w9H1s4tbKEhN99vPmab9dRMVJljnrJa5OkvpvnrZRY8Rya3gqksxArvrHL7UCuXSYCAe+EI+AI9IiAE6weAWxX/ZQ3nZ5tcDGBUWLRrn4/8yF9EB5LJETy20ZNkxtty/YHDCAzEDzs0DyR2YfdNa2foX1ujrfnW1s46cHOYf7uY7d9h1yt3fSTRqqDvmi8blhFrJYs3qn49uQ4PeRft99ezhFwBByBXhBwgtULem3q7nXgMWHVj64vldp66y2z20ylxAFfQGq4ZRSTvgULFoR+3JKDXNm2RCTQlhKrmOD1w4ZWED/vkAOS2ds+YZvuv1mX1Di4xN2WHhl6JVdVxArSqc+hObEa3Jh6S46AIzBeCDjB6nG8rl15SaEBogBxgTggDz+8rsgjwunBmmtXEB2aYJc9ocEQkfzUau3qK7lsVGgvJlc0gA3gRVwF0jVockXbn/r7D4SXnnB0mDdPZmRe4O35jNVNP7osjOM/MLc/KSSSj2/dvrQjVmtXXxXG8Tm0uv33co6AI+AINIHAqBKsJvo2MB0i5WevIA6IGrDFFotG5tTK2oV9EIl+kRpOrmx7IpK90sKmYQPECjvW9oHgob+OQLLuWPOD7D1cw357fh17q8pA8C2+/I5l3fGtIlbM7lNPeWV2mufEqgp5T3cEHAFHoIyAE6wyHl1dsYGJsA3NrQ65+vn135ubMcAUTjQ4MbJN8hA5pMamNR2PT67sxk9basMwiRV2TIpArmxfNttsYajzO5Z8Y5LXUcQPrzOjIVa/vuWH4YPv/R9WtccdgSlGwLvuCNRDwAlWPZzaloJkQVj23XvPsOceu2YnVlwPk1zps1aW2Ijkt4vuWHN12z71UgBSZ+sPwwbb/iTHX/rqN2dfpLB9ZO798qcrbdKcuBIrvjFpX0cBsTrkoP2CE6s5kHmCI+AIOAK1EXCCVRuqegW/cfHnw4pLLqxXuI+lIDipUyuIYB+bLVTPnz+/iNuIiPTlQXrbxjTFGefVa24tdRlyVUqILqqIFcX22mO3jFhdfOGnuOyLuFJHwBFwBKYBASdYEzrKwz4x4rYftwAVXhHJvjk4KIKn7U5quMcBR2WnVqlxrurzeZ+5MOy+/9EhPrGi/C7P3Dk7df3OJV/k0sURcAQcAUegRwScYPUI4OCr12uRB8dFhktq7pi5DclpCgKxgnTVs95LVSHA7UBOrdate7RUZNGizSpPBk96/WmBLxycc97nwvr160v1eIEq47PyW18ppfuFI+AIOAKOQG8IOMHqDb+RrQ2ZcVIzssPTlWG8V231zO3A1KnVbTd8v6RTT6t48P3HP7kpxF84+ND7z8hOrMbxBaqljvqFI+AIjA4CbkkJASdYJTj8whEYTQQgV6n3qkGircX81A+3AVOnVZtvvnk4451vyU66Xv+a2Z94svU97gg4Ao6AI9AMAk6wmsHRtTgCfUOAW4KWXIlIdvpEgxCq4048Neg3Rvmpn/g2IMSK24C/uPGK8M6/PpVqLqOJgFvlCDgCE4SAE6wJGkzvyuQhALmKbwmKSPZMFbf/IFS3/mJtiL8xChLbb/+kjIhBrLh2cQQcAUfAERgcAk6wBoe1t9RvBCZQvyVXdI9rnqdCuI6FLzdwG5ATq+uv+uc4268dAUfAEXAEBoSAE6wBAe3NOALdIPCEbbZuWY1XYehvJ0Kq+HKD3wZsCZlnOgKOgCMwEAQswRpIg96II+AI1Edg9TXfDkcvOyzs8JQnZ/LUnXbIbvtBppA71lwdxvm3E+sj4SUdAUfAERgvBJxgjdd4ubVTiMAF5380XHflpZn86Ir/N4UIeJcdAUfAERg/BJxgjd+YucWOgCPgCDgCjoAjMOIIOMEa8QFy8xyBJhBwHY6AI+AIOAKDRcAJ1mDx9tYcAUfAEXAEHAFHYAoQcIJVa5C9kCPgCDgCjoAj4Ag4AvURcIJVHysv6Qg4Ao6AI+AIjBYCbs3IIuAEa2SHxg1zBBwBR8ARcAQcgXFFwAnWuI6c2+0IOAJNIOA6HAFHwBHoCwJOsPoCqyt1BBwBR8ARcAQcgWlGwAnWNI9+E313HY6AI+AIOAKOgCMwBwEnWHMg8QRHwBFwBBwBR8ARGHcEhm2/E6xhj4C37wg4Ao6AI+AIOAITh4ATrIkbUu+QI+AIOAJNIOA6HAFHoBcEnGD1gp7XdQQcAUfAEXAEHAFHIIGAE6wEKJ7kCDSBgOtwBBwBR8ARmF4EnGBN79h7zx0BR8ARcAQcAUegTwiMMMHqU49drSPgCDgCjoAj4Ag4An1GwAlWnwF29Y6AI+AIOAIThoB3xxGogYATrBogeRFHwBFwBBwBR8ARcAQ6QcAJVidoeVlHwBFoAgHX4Qg4Ao7AxCPgBGvih9g76Ag4Ao6AI+AIOAKDRsAJ1qARb6I91+EIOAKOgCPgCDgCI42AE6yRHh43zhFwBBwBR8ARGB8E3NJZBJxgzWLhMUfAEXAEHAFHwBFwBBpBwAlWIzC6EkfAEXAEmkDAdTgCjsCkIOAEa1JG0vvhCDgCjoAj4Ag4AiODgBOskRkKN6QJBFyHI+AIOAKOgCMwCgg4wRqFUXAbHAFHwBFwBBwBR2CiEIgI1kT1zTvjCDgCjoAj4Ag4Ao7AUBBwgjUU2L1RR8ARcAQcgY4Q8MKOwJgh4ARrzAbMzXUEHAFHwBFwBByB0UfACdboj5Fb6Ag0gYDrcAQcAUfAERggAk6wBgi2N+UIOAKOgCPgCDgC04HAfwEAAP//hhXYDQAAAAZJREFUAwA2q0wHdKfrOAAAAABJRU5ErkJggg==","nome":"Rúben Martins"}]}', '+351 925 574 521');
INSERT INTO public.utilizadores (id, nome, email, password_hash, perfil, ativo, created_at, mfa_enabled, mfa_secret, role, reset_expires, reset_code, assinatura_base64, assinatura, telefone) VALUES (2, 'Rúben Martins', 'ruben1@gmail.com', '$2b$10$KCV.QSNYEJ5HTP5IqYu1w.dJRyUwfKyNykawCwD12OtiRGVqRQty6', NULL, true, '2026-03-07 14:16:35.689978', true, 'LJTF2ORVIR3C6OKTJ47U2USIKJ6SYZZQNRWVUMK6IBEGSPSTLZHA', 'ASSISTENTE', NULL, NULL, NULL, NULL, NULL);


--
-- Name: activity_log_id_seq; Type: SEQUENCE SET; Schema: public; Owner: -
--

SELECT pg_catalog.setval('public.activity_log_id_seq', 15, true);


--
-- Name: categorias_id_seq; Type: SEQUENCE SET; Schema: public; Owner: -
--

SELECT pg_catalog.setval('public.categorias_id_seq', 1, true);


--
-- Name: consultas_id_seq; Type: SEQUENCE SET; Schema: public; Owner: -
--

SELECT pg_catalog.setval('public.consultas_id_seq', 55, true);


--
-- Name: exames_paciente_id_seq; Type: SEQUENCE SET; Schema: public; Owner: -
--

SELECT pg_catalog.setval('public.exames_paciente_id_seq', 51, true);


--
-- Name: faturacao_id_seq; Type: SEQUENCE SET; Schema: public; Owner: -
--

SELECT pg_catalog.setval('public.faturacao_id_seq', 74, true);


--
-- Name: ficha_itens_id_seq; Type: SEQUENCE SET; Schema: public; Owner: -
--

SELECT pg_catalog.setval('public.ficha_itens_id_seq', 1, false);


--
-- Name: fichas_tecnicas_id_seq; Type: SEQUENCE SET; Schema: public; Owner: -
--

SELECT pg_catalog.setval('public.fichas_tecnicas_id_seq', 1, false);


--
-- Name: fornecedores_id_seq; Type: SEQUENCE SET; Schema: public; Owner: -
--

SELECT pg_catalog.setval('public.fornecedores_id_seq', 1, false);


--
-- Name: logs_sistema_id_seq; Type: SEQUENCE SET; Schema: public; Owner: -
--

SELECT pg_catalog.setval('public.logs_sistema_id_seq', 1, false);


--
-- Name: modelo_procedimento_itens_id_seq; Type: SEQUENCE SET; Schema: public; Owner: -
--

SELECT pg_catalog.setval('public.modelo_procedimento_itens_id_seq', 290, true);


--
-- Name: modelos_procedimento_id_seq; Type: SEQUENCE SET; Schema: public; Owner: -
--

SELECT pg_catalog.setval('public.modelos_procedimento_id_seq', 9, true);


--
-- Name: movimentos_stock_id_seq; Type: SEQUENCE SET; Schema: public; Owner: -
--

SELECT pg_catalog.setval('public.movimentos_stock_id_seq', 1, false);


--
-- Name: pacientes_id_seq; Type: SEQUENCE SET; Schema: public; Owner: -
--

SELECT pg_catalog.setval('public.pacientes_id_seq', 15, true);


--
-- Name: produtos_id_seq; Type: SEQUENCE SET; Schema: public; Owner: -
--

SELECT pg_catalog.setval('public.produtos_id_seq', 67, true);


--
-- Name: utilizadores_id_seq; Type: SEQUENCE SET; Schema: public; Owner: -
--

SELECT pg_catalog.setval('public.utilizadores_id_seq', 11, true);


--
-- PostgreSQL database dump complete
--

\unrestrict NfhTcam6Eb89yMfcoZWOPGS4q6Gq5se6DgsTGUzYSPOaKxCrbZq6mheI4CvU9ns

